id,code,name,updated_at
1,CAT0001,Advanced Tools,2025-10-03 14:01:54
2,CAT0002,Furniture,2025-03-09 08:21:54
3,CAT0003,Clothing - Elite,2025-09-10 01:16:54
4,CAT0004,Vintage Sports,2025-05-17 23:14:54
5,CAT0005,Books,2025-07-18 09:05:54
6,CAT0006,Toys - Premium,2025-09-12 06:19:54
7,CAT0007,Superior Food,2025-09-11 21:53:54
8,CAT0008,Garden,2025-07-03 00:06:54
9,CAT0009,Automotive - Classic,2025-07-11 22:32:54
10,CAT0010,Classic Health,2025-03-20 10:29:54
11,CAT0011,Beauty,2025-11-03 20:38:54
12,CAT0012,Jewelry - Vintage,2024-11-15 08:29:54
13,CAT0013,Basic Music,2025-09-01 17:00:54
14,CAT0014,Office,2025-09-13 04:45:54
15,CAT0015,Pet - Premium,2025-08-07 11:12:54
16,CAT0016,Deluxe Baby,2024-12-19 06:27:54
17,CAT0017,Art,2025-05-26 04:41:54
18,CAT0018,Industrial - Professional,2025-06-26 04:49:54
19,CAT0019,Premium Medical,2025-04-19 00:05:54
20,CAT0020,Electronics,2025-07-11 07:05:54
21,CAT0021,Tools - Deluxe,2025-07-17 17:20:54
22,CAT0022,Elite Furniture,2025-02-12 15:23:54
23,CAT0023,Clothing,2025-01-26 15:24:54
24,CAT0024,Sports - Deluxe,2025-08-24 20:30:54
25,CAT0025,Modern Books,2025-06-09 07:47:54
26,CAT0026,Toys,2025-10-01 21:02:54
27,CAT0027,Food - Standard,2025-02-15 18:38:54
28,CAT0028,Standard Garden,2025-10-03 17:59:54
29,CAT0029,Automotive,2025-09-09 00:21:54
30,CAT0030,Health - Premium,2025-04-28 08:54:54
31,CAT0031,Classic Beauty,2025-04-12 04:58:54
32,CAT0032,Jewelry,2025-03-12 04:09:54
33,CAT0033,Music - Vintage,2025-03-17 20:56:54
34,CAT0034,Professional Office,2025-04-26 23:36:54
35,CAT0035,Pet,2025-09-23 14:49:54
36,CAT0036,Baby - Vintage,2025-10-23 17:02:54
37,CAT0037,Premium Art,2025-03-03 14:04:54
38,CAT0038,Industrial,2025-09-28 16:56:54
39,CAT0039,Medical - Modern,2025-10-08 10:04:54
40,CAT0040,Classic Electronics,2025-03-29 03:53:54
41,CAT0041,Tools,2025-03-15 22:52:54
42,CAT0042,Furniture - Elite,2025-07-05 05:09:54
43,CAT0043,Advanced Clothing,2025-09-01 22:54:54
44,CAT0044,Sports,2025-04-12 23:33:54
45,CAT0045,Books - Professional,2025-07-16 11:19:54
46,CAT0046,Deluxe Toys,2025-05-21 08:01:54
47,CAT0047,Food,2025-03-11 07:02:54
48,CAT0048,Garden - Professional,2025-06-19 21:58:54
49,CAT0049,Modern Automotive,2025-09-15 18:40:54
50,CAT0050,Health,2025-03-31 19:10:54
51,CAT0051,Beauty - Vintage,2024-11-11 20:44:54
52,CAT0052,Compact Jewelry,2025-03-01 00:45:54
53,CAT0053,Music,2025-09-11 19:43:54
54,CAT0054,Office - Deluxe,2025-08-16 07:30:54
55,CAT0055,Professional Pet,2024-12-03 15:22:54
56,CAT0056,Baby,2025-03-09 12:37:54
57,CAT0057,Art - Elite,2025-06-01 19:48:54
58,CAT0058,Standard Industrial,2025-08-30 14:23:54
59,CAT0059,Medical,2025-06-21 17:26:54
60,CAT0060,Electronics - Modern,2024-12-21 12:41:54
61,CAT0061,Professional Tools,2025-01-30 01:56:54
62,CAT0062,Furniture,2024-11-10 15:10:54
63,CAT0063,Clothing - Superior,2025-01-15 05:36:54
64,CAT0064,Deluxe Sports,2025-04-30 05:56:54
65,CAT0065,Books,2025-03-29 09:29:54
66,CAT0066,Toys - Classic,2025-06-29 13:17:54
67,CAT0067,Advanced Food,2025-01-21 16:17:54
68,CAT0068,Garden,2024-11-17 13:30:54
69,CAT0069,Automotive - Advanced,2025-06-25 06:59:54
70,CAT0070,Standard Health,2025-11-01 20:13:54
71,CAT0071,Beauty,2025-07-13 07:21:54
72,CAT0072,Jewelry - Classic,2025-07-09 10:24:54
73,CAT0073,Superior Music,2025-01-20 23:52:54
74,CAT0074,Office,2025-02-21 00:57:54
75,CAT0075,Pet - Deluxe,2024-11-16 23:26:54
76,CAT0076,Vintage Baby,2025-08-21 13:30:54
77,CAT0077,Art,2024-11-17 21:34:54
78,CAT0078,Industrial - Deluxe,2025-02-10 01:52:54
79,CAT0079,Compact Medical,2025-01-02 05:23:54
80,CAT0080,Electronics,2025-07-24 20:40:54
81,CAT0081,Tools - Vintage,2025-08-23 15:52:54
82,CAT0082,Basic Furniture,2025-06-13 12:44:54
83,CAT0083,Clothing,2025-07-07 12:21:54
84,CAT0084,Sports - Deluxe,2025-05-19 01:57:54
85,CAT0085,Classic Books,2025-07-25 23:28:54
86,CAT0086,Toys,2025-06-15 06:51:54
87,CAT0087,Food - Superior,2025-02-12 03:04:54
88,CAT0088,Basic Garden,2025-03-21 12:46:54
89,CAT0089,Automotive,2024-11-12 02:11:54
90,CAT0090,Health - Superior,2025-03-05 18:51:54
91,CAT0091,Standard Beauty,2025-05-20 22:18:54
92,CAT0092,Jewelry,2025-08-13 10:24:54
93,CAT0093,Music - Advanced,2025-06-28 21:05:54
94,CAT0094,Premium Office,2024-11-14 05:53:54
95,CAT0095,Pet,2025-06-09 11:48:54
96,CAT0096,Baby - Compact,2025-10-11 15:56:54
97,CAT0097,Modern Art,2025-07-14 22:21:54
98,CAT0098,Industrial,2025-08-10 16:23:54
99,CAT0099,Medical - Deluxe,2025-09-20 00:00:54
100,CAT0100,Advanced Electronics,2024-12-24 12:54:54
101,CAT0101,Tools,2025-03-22 14:50:54
102,CAT0102,Furniture - Professional,2025-10-14 02:45:54
103,CAT0103,Professional Clothing,2025-01-29 06:50:54
104,CAT0104,Sports,2024-11-15 17:08:54
105,CAT0105,Books - Classic,2025-06-07 18:43:54
106,CAT0106,Premium Toys,2024-12-22 21:10:54
107,CAT0107,Food,2025-04-05 17:01:54
108,CAT0108,Garden - Advanced,2025-01-02 06:20:54
109,CAT0109,Standard Automotive,2025-06-23 06:54:54
110,CAT0110,Health,2025-11-04 09:58:54
111,CAT0111,Beauty - Basic,2025-10-26 22:09:54
112,CAT0112,Premium Jewelry,2025-07-16 17:20:54
113,CAT0113,Music,2025-01-02 15:29:54
114,CAT0114,Office - Compact,2025-05-28 22:11:54
115,CAT0115,Compact Pet,2025-10-04 15:51:54
116,CAT0116,Baby,2025-01-29 10:43:54
117,CAT0117,Art - Deluxe,2025-08-09 11:06:54
118,CAT0118,Classic Industrial,2025-10-25 22:42:54
119,CAT0119,Medical,2025-03-10 07:51:54
120,CAT0120,Electronics - Advanced,2025-06-16 07:29:54
121,CAT0121,Premium Tools,2025-06-11 06:58:54
122,CAT0122,Furniture,2025-08-16 11:56:54
123,CAT0123,Clothing - Professional,2025-01-30 15:50:54
124,CAT0124,Classic Sports,2025-05-28 03:11:54
125,CAT0125,Books,2025-08-10 19:51:54
126,CAT0126,Toys - Compact,2025-11-02 12:54:54
127,CAT0127,Modern Food,2025-10-30 23:13:54
128,CAT0128,Garden,2025-08-23 13:15:54
129,CAT0129,Automotive - Basic,2025-10-11 16:35:54
130,CAT0130,Vintage Health,2025-11-02 21:29:54
131,CAT0131,Beauty,2025-07-19 23:58:54
132,CAT0132,Jewelry - Modern,2025-03-08 05:28:54
133,CAT0133,Vintage Music,2025-02-15 14:57:54
134,CAT0134,Office,2025-05-21 15:23:54
135,CAT0135,Pet - Classic,2025-10-02 01:51:54
136,CAT0136,Premium Baby,2025-04-10 11:50:54
137,CAT0137,Art,2025-01-26 21:31:54
138,CAT0138,Industrial - Elite,2024-12-22 12:07:54
139,CAT0139,Basic Medical,2025-01-21 20:57:54
140,CAT0140,Electronics,2025-07-20 00:12:54
141,CAT0141,Tools - Modern,2025-03-20 06:06:54
142,CAT0142,Vintage Furniture,2025-02-05 20:11:54
143,CAT0143,Clothing,2025-01-29 07:37:54
144,CAT0144,Sports - Basic,2025-04-03 08:11:54
145,CAT0145,Basic Books,2025-06-03 00:28:54
146,CAT0146,Toys,2025-01-05 20:21:54
147,CAT0147,Food - Classic,2025-05-23 03:18:54
148,CAT0148,Professional Garden,2025-02-26 15:50:54
149,CAT0149,Automotive,2025-04-15 14:21:54
150,CAT0150,Health - Professional,2025-08-07 09:14:54
151,CAT0151,Advanced Beauty,2025-03-10 16:14:54
152,CAT0152,Jewelry,2024-12-06 22:41:54
153,CAT0153,Music - Deluxe,2025-04-02 10:07:54
154,CAT0154,Superior Office,2025-07-19 09:33:54
155,CAT0155,Pet,2025-11-02 19:17:54
156,CAT0156,Baby - Compact,2024-12-20 02:42:54
157,CAT0157,Basic Art,2025-02-26 17:35:54
158,CAT0158,Industrial,2025-07-24 19:53:54
159,CAT0159,Medical - Basic,2025-03-17 12:26:54
160,CAT0160,Superior Electronics,2025-06-07 14:03:54
161,CAT0161,Tools,2025-05-20 20:55:54
162,CAT0162,Furniture - Advanced,2025-06-01 06:27:54
163,CAT0163,Basic Clothing,2025-03-09 09:57:54
164,CAT0164,Sports,2025-07-04 13:59:54
165,CAT0165,Books - Professional,2025-10-18 16:07:54
166,CAT0166,Standard Toys,2025-05-06 11:07:54
167,CAT0167,Food,2025-01-28 19:34:54
168,CAT0168,Garden - Premium,2025-01-23 04:21:54
169,CAT0169,Deluxe Automotive,2025-02-07 06:04:54
170,CAT0170,Health,2025-01-26 11:23:54
171,CAT0171,Beauty - Advanced,2025-04-26 02:54:54
172,CAT0172,Professional Jewelry,2025-06-15 05:31:54
173,CAT0173,Music,2025-08-13 14:58:54
174,CAT0174,Office - Compact,2025-03-07 13:52:54
175,CAT0175,Basic Pet,2025-08-28 00:13:54
176,CAT0176,Baby,2025-04-15 02:30:54
177,CAT0177,Art - Professional,2025-03-01 00:54:54
178,CAT0178,Advanced Industrial,2025-09-29 21:17:54
179,CAT0179,Medical,2025-05-23 06:59:54
180,CAT0180,Electronics - Classic,2025-05-06 16:59:54
181,CAT0181,Superior Tools,2025-02-03 04:12:54
182,CAT0182,Furniture,2025-06-27 08:55:54
183,CAT0183,Clothing - Vintage,2025-05-05 02:38:54
184,CAT0184,Superior Sports,2024-11-19 19:12:54
185,CAT0185,Books,2025-05-07 10:48:54
186,CAT0186,Toys - Compact,2025-04-04 12:13:54
187,CAT0187,Standard Food,2025-01-22 22:25:54
188,CAT0188,Garden,2025-04-27 08:17:54
189,CAT0189,Automotive - Superior,2025-08-15 10:22:54
190,CAT0190,Standard Health,2025-02-22 18:29:54
191,CAT0191,Beauty,2025-08-06 13:27:54
192,CAT0192,Jewelry - Modern,2025-03-13 20:08:54
193,CAT0193,Modern Music,2025-06-29 20:08:54
194,CAT0194,Office,2025-10-13 22:41:54
195,CAT0195,Pet - Compact,2025-01-29 04:40:54
196,CAT0196,Premium Baby,2025-01-27 12:45:54
197,CAT0197,Art,2025-09-24 07:43:54
198,CAT0198,Industrial - Classic,2025-07-11 01:04:54
199,CAT0199,Basic Medical,2025-09-18 15:46:54
200,CAT0200,Electronics,2025-05-02 09:54:54
201,CAT0201,Tools - Basic,2025-03-28 13:58:54
202,CAT0202,Superior Furniture,2025-02-07 13:40:54
203,CAT0203,Clothing,2025-01-29 02:52:54
204,CAT0204,Sports - Elite,2025-08-27 04:28:54
205,CAT0205,Classic Books,2025-07-11 14:04:54
206,CAT0206,Toys,2025-05-10 15:18:54
207,CAT0207,Food - Advanced,2025-01-25 10:27:54
208,CAT0208,Premium Garden,2025-06-06 15:16:54
209,CAT0209,Automotive,2024-12-31 17:17:54
210,CAT0210,Health - Deluxe,2024-12-29 01:47:54
211,CAT0211,Classic Beauty,2024-11-23 12:47:54
212,CAT0212,Jewelry,2025-04-03 03:53:54
213,CAT0213,Music - Elite,2025-04-13 23:45:54
214,CAT0214,Elite Office,2025-10-18 13:10:54
215,CAT0215,Pet,2025-01-01 18:58:54
216,CAT0216,Baby - Deluxe,2025-02-06 18:02:54
217,CAT0217,Professional Art,2024-12-09 22:47:54
218,CAT0218,Industrial,2025-04-03 09:28:54
219,CAT0219,Medical - Standard,2025-06-10 15:30:54
220,CAT0220,Classic Electronics,2025-05-01 16:52:54
221,CAT0221,Tools,2025-06-02 01:01:54
222,CAT0222,Furniture - Standard,2025-09-09 14:16:54
223,CAT0223,Professional Clothing,2025-03-08 04:39:54
224,CAT0224,Sports,2025-06-19 19:59:54
225,CAT0225,Books - Basic,2025-05-19 05:23:54
226,CAT0226,Advanced Toys,2025-06-04 22:53:54
227,CAT0227,Food,2025-06-09 05:06:54
228,CAT0228,Garden - Basic,2025-10-16 10:59:54
229,CAT0229,Deluxe Automotive,2025-03-23 14:49:54
230,CAT0230,Health,2025-02-14 07:46:54
231,CAT0231,Beauty - Classic,2025-03-05 03:17:54
232,CAT0232,Advanced Jewelry,2025-10-14 07:30:54
233,CAT0233,Music,2025-06-20 01:28:54
234,CAT0234,Office - Compact,2025-02-12 10:05:54
235,CAT0235,Superior Pet,2025-06-21 11:43:54
236,CAT0236,Baby,2025-02-06 21:43:54
237,CAT0237,Art - Compact,2025-05-23 14:38:54
238,CAT0238,Professional Industrial,2025-05-30 17:18:54
239,CAT0239,Medical,2025-06-11 12:10:54
240,CAT0240,Electronics - Vintage,2025-06-29 04:51:54
241,CAT0241,Elite Tools,2025-02-27 08:23:54
242,CAT0242,Furniture,2025-09-11 23:27:54
243,CAT0243,Clothing - Modern,2024-12-05 19:35:54
244,CAT0244,Elite Sports,2025-10-01 09:22:54
245,CAT0245,Books,2025-03-08 04:14:54
246,CAT0246,Toys - Superior,2025-06-23 00:17:54
247,CAT0247,Superior Food,2025-09-24 07:29:54
248,CAT0248,Garden,2025-07-07 20:06:54
249,CAT0249,Automotive - Superior,2025-06-12 11:11:54
250,CAT0250,Classic Health,2025-01-25 10:03:54
251,CAT0251,Beauty,2025-04-01 19:23:54
252,CAT0252,Jewelry - Premium,2025-07-08 23:48:54
253,CAT0253,Professional Music,2025-03-16 06:51:54
254,CAT0254,Office,2025-04-25 20:14:54
255,CAT0255,Pet - Professional,2025-04-09 08:03:54
256,CAT0256,Modern Baby,2025-01-24 19:45:54
257,CAT0257,Art,2025-01-08 17:05:54
258,CAT0258,Industrial - Premium,2024-11-11 13:14:54
259,CAT0259,Vintage Medical,2025-05-01 05:23:54
260,CAT0260,Electronics,2025-03-27 15:52:54
261,CAT0261,Tools - Standard,2025-01-05 22:47:54
262,CAT0262,Premium Furniture,2024-12-03 08:05:54
263,CAT0263,Clothing,2025-05-05 17:50:54
264,CAT0264,Sports - Professional,2025-08-02 13:09:54
265,CAT0265,Standard Books,2025-06-19 17:15:54
266,CAT0266,Toys,2024-12-22 07:35:54
267,CAT0267,Food - Deluxe,2025-05-15 05:14:54
268,CAT0268,Standard Garden,2025-11-03 04:23:54
269,CAT0269,Automotive,2025-03-30 08:19:54
270,CAT0270,Health - Elite,2025-06-20 07:56:54
271,CAT0271,Modern Beauty,2025-10-15 00:09:54
272,CAT0272,Jewelry,2025-07-13 18:10:54
273,CAT0273,Music - Professional,2025-04-18 16:54:54
274,CAT0274,Basic Office,2025-01-28 05:26:54
275,CAT0275,Pet,2024-12-17 16:18:54
276,CAT0276,Baby - Elite,2024-11-13 09:15:54
277,CAT0277,Modern Art,2025-07-13 13:48:54
278,CAT0278,Industrial,2025-03-24 17:48:54
279,CAT0279,Medical - Vintage,2025-10-15 02:17:54
280,CAT0280,Standard Electronics,2025-06-14 11:14:54
281,CAT0281,Tools,2025-03-13 03:30:54
282,CAT0282,Furniture - Deluxe,2025-03-16 14:51:54
283,CAT0283,Superior Clothing,2024-12-25 21:57:54
284,CAT0284,Sports,2025-02-12 05:28:54
285,CAT0285,Books - Superior,2025-04-24 18:14:54
286,CAT0286,Compact Toys,2025-06-21 12:28:54
287,CAT0287,Food,2025-09-02 22:02:54
288,CAT0288,Garden - Premium,2025-04-01 07:16:54
289,CAT0289,Premium Automotive,2025-03-02 11:57:54
290,CAT0290,Health,2025-04-23 00:17:54
291,CAT0291,Beauty - Classic,2025-07-13 01:07:54
292,CAT0292,Basic Jewelry,2025-02-22 20:34:54
293,CAT0293,Music,2024-11-30 17:27:54
294,CAT0294,Office - Standard,2025-06-14 23:28:54
295,CAT0295,Deluxe Pet,2024-12-25 18:21:54
296,CAT0296,Baby,2024-11-15 06:03:54
297,CAT0297,Art - Standard,2025-09-20 16:30:54
298,CAT0298,Elite Industrial,2025-02-26 09:44:54
299,CAT0299,Medical,2025-01-24 17:00:54
300,CAT0300,Electronics - Standard,2025-02-01 16:06:54
301,CAT0301,Compact Tools,2025-06-22 15:40:54
302,CAT0302,Furniture,2025-09-02 06:47:54
303,CAT0303,Clothing - Vintage,2025-03-30 05:52:54
304,CAT0304,Basic Sports,2025-02-24 06:35:54
305,CAT0305,Books,2025-10-31 03:21:54
306,CAT0306,Toys - Standard,2025-06-07 05:42:54
307,CAT0307,Superior Food,2024-11-16 20:43:54
308,CAT0308,Garden,2025-11-06 05:06:54
309,CAT0309,Automotive - Elite,2025-06-11 03:41:54
310,CAT0310,Standard Health,2025-05-13 22:56:54
311,CAT0311,Beauty,2025-01-30 03:02:54
312,CAT0312,Jewelry - Elite,2025-04-24 13:53:54
313,CAT0313,Superior Music,2025-10-14 01:12:54
314,CAT0314,Office,2025-05-28 21:31:54
315,CAT0315,Pet - Premium,2025-03-08 21:00:54
316,CAT0316,Basic Baby,2025-03-28 07:36:54
317,CAT0317,Art,2025-08-24 03:35:54
318,CAT0318,Industrial - Vintage,2025-07-25 21:36:54
319,CAT0319,Standard Medical,2025-03-06 07:13:54
320,CAT0320,Electronics,2025-11-05 01:02:54
321,CAT0321,Tools - Premium,2025-07-27 15:34:54
322,CAT0322,Vintage Furniture,2025-02-27 19:18:54
323,CAT0323,Clothing,2025-10-12 22:32:54
324,CAT0324,Sports - Vintage,2025-10-05 20:16:54
325,CAT0325,Elite Books,2025-06-23 17:34:54
326,CAT0326,Toys,2025-06-09 04:22:54
327,CAT0327,Food - Advanced,2025-04-29 23:40:54
328,CAT0328,Professional Garden,2024-12-21 14:40:54
329,CAT0329,Automotive,2025-09-29 12:04:54
330,CAT0330,Health - Compact,2024-12-15 15:35:54
331,CAT0331,Compact Beauty,2025-04-29 13:47:54
332,CAT0332,Jewelry,2024-11-11 02:50:54
333,CAT0333,Music - Professional,2024-12-26 13:18:54
334,CAT0334,Vintage Office,2025-01-13 19:03:54
335,CAT0335,Pet,2025-01-20 10:48:54
336,CAT0336,Baby - Vintage,2025-10-22 17:26:54
337,CAT0337,Compact Art,2024-11-12 11:29:54
338,CAT0338,Industrial,2025-07-09 02:41:54
339,CAT0339,Medical - Superior,2025-06-13 02:57:54
340,CAT0340,Superior Electronics,2025-03-03 02:48:54
341,CAT0341,Tools,2025-05-22 16:33:54
342,CAT0342,Furniture - Deluxe,2025-05-26 23:52:54
343,CAT0343,Basic Clothing,2025-09-12 18:56:54
344,CAT0344,Sports,2025-08-04 08:14:54
345,CAT0345,Books - Deluxe,2025-05-22 19:26:54
346,CAT0346,Deluxe Toys,2024-12-02 11:35:54
347,CAT0347,Food,2025-01-20 02:30:54
348,CAT0348,Garden - Standard,2025-08-18 06:08:54
349,CAT0349,Advanced Automotive,2025-07-08 13:57:54
350,CAT0350,Health,2025-01-01 20:09:54
351,CAT0351,Beauty - Premium,2025-10-21 00:16:54
352,CAT0352,Deluxe Jewelry,2025-04-04 00:02:54
353,CAT0353,Music,2025-06-02 10:27:54
354,CAT0354,Office - Premium,2025-02-09 23:03:54
355,CAT0355,Classic Pet,2025-03-05 11:13:54
356,CAT0356,Baby,2025-02-22 20:25:54
357,CAT0357,Art - Deluxe,2025-05-03 23:47:54
358,CAT0358,Modern Industrial,2025-03-04 18:48:54
359,CAT0359,Medical,2025-03-03 08:03:54
360,CAT0360,Electronics - Basic,2025-07-06 21:36:54
361,CAT0361,Premium Tools,2025-04-10 14:51:54
362,CAT0362,Furniture,2025-01-13 23:47:54
363,CAT0363,Clothing - Classic,2025-02-25 12:50:54
364,CAT0364,Modern Sports,2025-04-28 21:50:54
365,CAT0365,Books,2025-08-11 15:11:54
366,CAT0366,Toys - Basic,2025-10-31 17:33:54
367,CAT0367,Superior Food,2024-12-15 18:08:54
368,CAT0368,Garden,2025-02-27 07:21:54
369,CAT0369,Automotive - Basic,2025-10-15 20:57:54
370,CAT0370,Advanced Health,2024-11-28 11:03:54
371,CAT0371,Beauty,2025-07-28 15:52:54
372,CAT0372,Jewelry - Standard,2025-05-01 22:05:54
373,CAT0373,Professional Music,2025-07-02 23:45:54
374,CAT0374,Office,2025-02-23 07:54:54
375,CAT0375,Pet - Professional,2025-09-11 02:52:54
376,CAT0376,Advanced Baby,2025-09-01 04:51:54
377,CAT0377,Art,2025-09-04 03:57:54
378,CAT0378,Industrial - Classic,2025-10-06 07:40:54
379,CAT0379,Superior Medical,2025-09-29 02:58:54
380,CAT0380,Electronics,2025-06-10 07:32:54
381,CAT0381,Tools - Modern,2025-05-11 16:28:54
382,CAT0382,Advanced Furniture,2025-02-05 11:40:54
383,CAT0383,Clothing,2025-02-02 16:43:54
384,CAT0384,Sports - Advanced,2025-09-12 08:55:54
385,CAT0385,Superior Books,2025-03-03 20:43:54
386,CAT0386,Toys,2025-04-30 19:36:54
387,CAT0387,Food - Elite,2024-12-01 23:38:54
388,CAT0388,Professional Garden,2025-02-22 08:38:54
389,CAT0389,Automotive,2025-05-11 13:16:54
390,CAT0390,Health - Elite,2024-11-18 22:32:54
391,CAT0391,Elite Beauty,2025-10-23 03:38:54
392,CAT0392,Jewelry,2024-11-14 07:22:54
393,CAT0393,Music - Compact,2025-01-20 21:00:54
394,CAT0394,Vintage Office,2025-10-10 20:42:54
395,CAT0395,Pet,2025-05-01 06:45:54
396,CAT0396,Baby - Standard,2025-09-11 09:49:54
397,CAT0397,Advanced Art,2025-06-05 19:48:54
398,CAT0398,Industrial,2025-11-02 00:48:54
399,CAT0399,Medical - Modern,2025-08-20 16:10:54
400,CAT0400,Basic Electronics,2025-09-03 21:38:54
401,CAT0401,Tools,2025-05-02 17:59:54
402,CAT0402,Furniture - Superior,2025-06-20 07:47:54
403,CAT0403,Premium Clothing,2025-07-19 02:05:54
404,CAT0404,Sports,2024-12-19 05:33:54
405,CAT0405,Books - Classic,2024-11-09 23:45:54
406,CAT0406,Basic Toys,2024-12-18 12:26:54
407,CAT0407,Food,2025-03-16 15:41:54
408,CAT0408,Garden - Basic,2025-09-01 22:52:54
409,CAT0409,Elite Automotive,2024-12-28 14:01:54
410,CAT0410,Health,2025-11-04 06:11:54
411,CAT0411,Beauty - Basic,2024-12-12 15:56:54
412,CAT0412,Vintage Jewelry,2025-08-02 11:23:54
413,CAT0413,Music,2025-10-07 04:07:54
414,CAT0414,Office - Premium,2025-10-30 03:06:54
415,CAT0415,Vintage Pet,2025-03-27 03:20:54
416,CAT0416,Baby,2024-12-26 16:57:54
417,CAT0417,Art - Classic,2024-12-05 08:36:54
418,CAT0418,Classic Industrial,2025-01-15 21:16:54
419,CAT0419,Medical,2024-11-17 06:24:54
420,CAT0420,Electronics - Compact,2024-12-25 05:35:54
421,CAT0421,Advanced Tools,2024-12-03 20:24:54
422,CAT0422,Furniture,2025-09-18 16:59:54
423,CAT0423,Clothing - Professional,2025-07-01 19:28:54
424,CAT0424,Premium Sports,2025-02-05 20:02:54
425,CAT0425,Books,2025-05-27 18:24:54
426,CAT0426,Toys - Standard,2025-09-25 01:11:54
427,CAT0427,Compact Food,2025-05-02 21:44:54
428,CAT0428,Garden,2024-11-12 02:06:54
429,CAT0429,Automotive - Superior,2025-08-18 02:47:54
430,CAT0430,Compact Health,2025-01-06 07:46:54
431,CAT0431,Beauty,2025-04-27 22:23:54
432,CAT0432,Jewelry - Compact,2025-01-29 22:56:54
433,CAT0433,Elite Music,2025-09-12 07:42:54
434,CAT0434,Office,2025-07-23 22:24:54
435,CAT0435,Pet - Superior,2025-08-02 21:49:54
436,CAT0436,Standard Baby,2025-04-28 20:29:54
437,CAT0437,Art,2025-06-12 02:57:54
438,CAT0438,Industrial - Vintage,2025-05-17 19:31:54
439,CAT0439,Compact Medical,2025-02-17 01:58:54
440,CAT0440,Electronics,2025-03-22 07:10:54
441,CAT0441,Tools - Classic,2025-09-18 10:03:54
442,CAT0442,Classic Furniture,2025-07-14 01:52:54
443,CAT0443,Clothing,2024-11-28 17:30:54
444,CAT0444,Sports - Modern,2025-04-09 22:57:54
445,CAT0445,Professional Books,2025-10-22 10:52:54
446,CAT0446,Toys,2025-10-13 01:21:54
447,CAT0447,Food - Elite,2025-09-27 06:57:54
448,CAT0448,Elite Garden,2024-12-13 00:28:54
449,CAT0449,Automotive,2025-01-17 04:44:54
450,CAT0450,Health - Advanced,2025-06-29 17:58:54
451,CAT0451,Premium Beauty,2025-11-07 07:50:54
452,CAT0452,Jewelry,2024-12-27 17:33:54
453,CAT0453,Music - Premium,2024-12-20 22:08:54
454,CAT0454,Superior Office,2025-05-20 02:25:54
455,CAT0455,Pet,2025-09-17 06:42:54
456,CAT0456,Baby - Basic,2025-10-10 09:51:54
457,CAT0457,Modern Art,2025-10-05 13:25:54
458,CAT0458,Industrial,2025-08-19 05:48:54
459,CAT0459,Medical - Compact,2025-07-31 14:25:54
460,CAT0460,Elite Electronics,2025-08-27 05:57:54
461,CAT0461,Tools,2025-07-14 06:28:54
462,CAT0462,Furniture - Premium,2025-03-21 03:04:54
463,CAT0463,Vintage Clothing,2025-07-11 19:41:54
464,CAT0464,Sports,2025-06-03 17:57:54
465,CAT0465,Books - Advanced,2025-03-27 18:16:54
466,CAT0466,Standard Toys,2025-07-31 23:47:54
467,CAT0467,Food,2025-03-20 23:54:54
468,CAT0468,Garden - Classic,2025-05-21 16:08:54
469,CAT0469,Vintage Automotive,2024-12-15 05:13:54
470,CAT0470,Health,2024-11-24 15:44:54
471,CAT0471,Beauty - Superior,2025-06-13 03:29:54
472,CAT0472,Deluxe Jewelry,2025-03-23 17:59:54
473,CAT0473,Music,2025-09-16 11:42:54
474,CAT0474,Office - Premium,2025-06-13 00:37:54
475,CAT0475,Superior Pet,2025-10-14 13:13:54
476,CAT0476,Baby,2025-07-06 17:33:54
477,CAT0477,Art - Elite,2024-11-09 00:51:54
478,CAT0478,Professional Industrial,2025-09-23 11:40:54
479,CAT0479,Medical,2025-05-25 11:16:54
480,CAT0480,Electronics - Standard,2025-01-18 03:26:54
481,CAT0481,Vintage Tools,2025-07-20 03:35:54
482,CAT0482,Furniture,2025-02-15 12:38:54
483,CAT0483,Clothing - Standard,2025-08-12 15:41:54
484,CAT0484,Basic Sports,2025-05-06 08:10:54
485,CAT0485,Books,2025-01-15 15:13:54
486,CAT0486,Toys - Premium,2025-03-16 19:42:54
487,CAT0487,Advanced Food,2025-05-13 10:58:54
488,CAT0488,Garden,2025-03-17 02:35:54
489,CAT0489,Automotive - Basic,2024-11-26 22:04:54
490,CAT0490,Premium Health,2024-11-23 03:44:54
491,CAT0491,Beauty,2025-09-04 14:32:54
492,CAT0492,Jewelry - Compact,2025-04-02 03:38:54
493,CAT0493,Professional Music,2025-10-06 20:28:54
494,CAT0494,Office,2025-01-19 00:11:54
495,CAT0495,Pet - Deluxe,2025-02-09 18:40:54
496,CAT0496,Professional Baby,2025-03-14 20:40:54
497,CAT0497,Art,2024-11-28 18:36:54
498,CAT0498,Industrial - Deluxe,2024-12-11 13:24:54
499,CAT0499,Basic Medical,2025-06-05 00:01:54
500,CAT0500,Electronics,2025-05-10 18:42:54
501,CAT0501,Tools - Compact,2025-07-26 00:08:54
502,CAT0502,Compact Furniture,2025-08-29 02:29:54
503,CAT0503,Clothing,2025-09-11 05:12:54
504,CAT0504,Sports - Professional,2025-02-27 14:37:54
505,CAT0505,Premium Books,2025-05-14 00:40:54
506,CAT0506,Toys,2025-08-20 20:24:54
507,CAT0507,Food - Deluxe,2025-04-17 00:04:54
508,CAT0508,Professional Garden,2025-01-20 13:03:54
509,CAT0509,Automotive,2025-03-06 20:30:54
510,CAT0510,Health - Standard,2025-04-04 04:30:54
511,CAT0511,Vintage Beauty,2025-07-06 02:45:54
512,CAT0512,Jewelry,2024-12-25 06:26:54
513,CAT0513,Music - Advanced,2025-06-25 19:42:54
514,CAT0514,Professional Office,2025-05-04 15:14:54
515,CAT0515,Pet,2025-07-08 23:07:54
516,CAT0516,Baby - Basic,2024-11-30 08:43:54
517,CAT0517,Compact Art,2024-12-18 20:02:54
518,CAT0518,Industrial,2025-02-22 07:42:54
519,CAT0519,Medical - Superior,2025-09-03 12:57:54
520,CAT0520,Premium Electronics,2025-10-15 01:27:54
521,CAT0521,Tools,2025-01-25 00:23:54
522,CAT0522,Furniture - Basic,2025-10-19 19:16:54
523,CAT0523,Professional Clothing,2025-10-19 15:00:54
524,CAT0524,Sports,2025-11-02 20:56:54
525,CAT0525,Books - Superior,2025-06-13 08:46:54
526,CAT0526,Classic Toys,2025-08-04 00:38:54
527,CAT0527,Food,2025-05-10 06:42:54
528,CAT0528,Garden - Deluxe,2025-10-21 21:26:54
529,CAT0529,Premium Automotive,2025-02-28 22:33:54
530,CAT0530,Health,2025-07-22 19:25:54
531,CAT0531,Beauty - Professional,2025-09-01 18:58:54
532,CAT0532,Modern Jewelry,2025-11-06 21:58:54
533,CAT0533,Music,2025-02-12 05:31:54
534,CAT0534,Office - Professional,2025-05-17 17:47:54
535,CAT0535,Premium Pet,2025-09-26 22:50:54
536,CAT0536,Baby,2025-04-05 09:22:54
537,CAT0537,Art - Premium,2025-08-20 18:51:54
538,CAT0538,Elite Industrial,2025-02-15 09:20:54
539,CAT0539,Medical,2025-09-18 05:11:54
540,CAT0540,Electronics - Modern,2025-08-25 09:41:54
541,CAT0541,Modern Tools,2025-06-01 12:27:54
542,CAT0542,Furniture,2025-10-21 16:26:54
543,CAT0543,Clothing - Basic,2025-04-05 08:38:54
544,CAT0544,Vintage Sports,2025-08-24 22:46:54
545,CAT0545,Books,2025-09-24 12:12:54
546,CAT0546,Toys - Basic,2024-12-13 23:17:54
547,CAT0547,Modern Food,2025-08-24 06:05:54
548,CAT0548,Garden,2025-05-15 06:45:54
549,CAT0549,Automotive - Deluxe,2025-06-23 03:25:54
550,CAT0550,Basic Health,2025-05-24 14:07:54
551,CAT0551,Beauty,2025-06-17 14:17:54
552,CAT0552,Jewelry - Vintage,2025-03-03 08:29:54
553,CAT0553,Premium Music,2025-02-26 04:33:54
554,CAT0554,Office,2025-03-20 10:38:54
555,CAT0555,Pet - Premium,2025-01-04 16:23:54
556,CAT0556,Compact Baby,2025-10-17 13:17:54
557,CAT0557,Art,2025-08-04 16:43:54
558,CAT0558,Industrial - Compact,2025-02-28 04:56:54
559,CAT0559,Deluxe Medical,2025-02-04 20:24:54
560,CAT0560,Electronics,2025-02-16 04:48:54
561,CAT0561,Tools - Deluxe,2025-05-23 08:00:54
562,CAT0562,Professional Furniture,2025-07-27 06:49:54
563,CAT0563,Clothing,2025-01-10 11:32:54
564,CAT0564,Sports - Classic,2024-11-22 23:21:54
565,CAT0565,Compact Books,2025-02-23 20:57:54
566,CAT0566,Toys,2025-03-26 18:02:54
567,CAT0567,Food - Classic,2025-10-07 10:32:54
568,CAT0568,Superior Garden,2025-07-03 02:54:54
569,CAT0569,Automotive,2025-02-21 16:56:54
570,CAT0570,Health - Classic,2025-08-10 04:43:54
571,CAT0571,Advanced Beauty,2025-10-24 03:25:54
572,CAT0572,Jewelry,2025-04-28 21:59:54
573,CAT0573,Music - Vintage,2025-06-25 11:13:54
574,CAT0574,Superior Office,2025-10-10 08:32:54
575,CAT0575,Pet,2025-03-18 10:22:54
576,CAT0576,Baby - Vintage,2025-03-25 17:25:54
577,CAT0577,Elite Art,2025-07-30 01:21:54
578,CAT0578,Industrial,2025-02-04 18:06:54
579,CAT0579,Medical - Professional,2025-06-08 14:16:54
580,CAT0580,Elite Electronics,2025-05-12 21:16:54
581,CAT0581,Tools,2025-03-24 16:20:54
582,CAT0582,Furniture - Elite,2025-05-28 02:46:54
583,CAT0583,Basic Clothing,2024-11-09 03:43:54
584,CAT0584,Sports,2025-11-02 00:18:54
585,CAT0585,Books - Vintage,2025-02-03 16:10:54
586,CAT0586,Compact Toys,2025-08-14 14:01:54
587,CAT0587,Food,2025-04-21 13:16:54
588,CAT0588,Garden - Superior,2024-12-07 15:30:54
589,CAT0589,Basic Automotive,2025-01-18 22:08:54
590,CAT0590,Health,2025-01-20 16:32:54
591,CAT0591,Beauty - Deluxe,2024-11-14 17:16:54
592,CAT0592,Professional Jewelry,2025-06-25 03:14:54
593,CAT0593,Music,2025-03-17 15:49:54
594,CAT0594,Office - Professional,2025-09-19 08:16:54
595,CAT0595,Deluxe Pet,2025-09-16 01:05:54
596,CAT0596,Baby,2025-03-15 09:33:54
597,CAT0597,Art - Superior,2025-01-02 23:25:54
598,CAT0598,Deluxe Industrial,2025-09-09 22:14:54
599,CAT0599,Medical,2025-10-13 16:08:54
600,CAT0600,Electronics - Modern,2025-07-10 10:24:54
601,CAT0601,Deluxe Tools,2025-10-11 04:24:54
602,CAT0602,Furniture,2024-12-05 07:09:54
603,CAT0603,Clothing - Superior,2025-08-29 13:49:54
604,CAT0604,Premium Sports,2025-07-25 10:39:54
605,CAT0605,Books,2025-01-29 03:41:54
606,CAT0606,Toys - Advanced,2025-04-02 02:50:54
607,CAT0607,Superior Food,2024-12-16 04:23:54
608,CAT0608,Garden,2025-05-27 20:11:54
609,CAT0609,Automotive - Classic,2025-07-17 01:22:54
610,CAT0610,Elite Health,2025-04-15 10:43:54
611,CAT0611,Beauty,2025-04-28 11:21:54
612,CAT0612,Jewelry - Standard,2025-05-03 04:36:54
613,CAT0613,Modern Music,2025-05-05 09:40:54
614,CAT0614,Office,2025-10-03 21:19:54
615,CAT0615,Pet - Basic,2025-09-30 09:19:54
616,CAT0616,Advanced Baby,2025-03-24 01:30:54
617,CAT0617,Art,2025-02-13 21:27:54
618,CAT0618,Industrial - Superior,2025-06-07 19:04:54
619,CAT0619,Elite Medical,2025-04-10 08:08:54
620,CAT0620,Electronics,2025-04-20 09:36:54
621,CAT0621,Tools - Premium,2025-01-08 10:52:54
622,CAT0622,Professional Furniture,2025-07-01 04:36:54
623,CAT0623,Clothing,2025-07-30 01:23:54
624,CAT0624,Sports - Elite,2025-02-25 12:30:54
625,CAT0625,Compact Books,2025-10-26 10:59:54
626,CAT0626,Toys,2025-04-27 11:46:54
627,CAT0627,Food - Basic,2025-02-17 19:30:54
628,CAT0628,Standard Garden,2025-03-07 03:51:54
629,CAT0629,Automotive,2024-12-26 00:24:54
630,CAT0630,Health - Advanced,2025-03-24 00:15:54
631,CAT0631,Deluxe Beauty,2025-02-26 13:31:54
632,CAT0632,Jewelry,2025-05-28 14:39:54
633,CAT0633,Music - Superior,2025-10-16 10:36:54
634,CAT0634,Premium Office,2025-10-10 14:27:54
635,CAT0635,Pet,2025-04-21 21:26:54
636,CAT0636,Baby - Modern,2025-07-21 12:16:54
637,CAT0637,Modern Art,2025-02-09 04:15:54
638,CAT0638,Industrial,2025-03-16 20:32:54
639,CAT0639,Medical - Basic,2025-01-16 14:19:54
640,CAT0640,Professional Electronics,2024-11-13 00:21:54
641,CAT0641,Tools,2025-09-18 09:51:54
642,CAT0642,Furniture - Standard,2025-01-15 07:51:54
643,CAT0643,Compact Clothing,2025-01-19 00:54:54
644,CAT0644,Sports,2024-12-19 12:43:54
645,CAT0645,Books - Vintage,2025-01-11 05:35:54
646,CAT0646,Elite Toys,2025-03-26 01:51:54
647,CAT0647,Food,2025-09-09 22:48:54
648,CAT0648,Garden - Standard,2024-12-06 20:32:54
649,CAT0649,Deluxe Automotive,2025-08-01 11:15:54
650,CAT0650,Health,2024-12-23 04:06:54
651,CAT0651,Beauty - Professional,2025-02-17 05:56:54
652,CAT0652,Vintage Jewelry,2025-02-16 03:11:54
653,CAT0653,Music,2025-04-04 10:56:54
654,CAT0654,Office - Professional,2025-07-10 05:34:54
655,CAT0655,Elite Pet,2025-05-20 15:39:54
656,CAT0656,Baby,2025-05-31 09:30:54
657,CAT0657,Art - Compact,2025-09-06 19:37:54
658,CAT0658,Basic Industrial,2025-01-24 07:51:54
659,CAT0659,Medical,2025-07-18 23:49:54
660,CAT0660,Electronics - Superior,2025-10-08 17:24:54
661,CAT0661,Elite Tools,2025-04-03 19:13:54
662,CAT0662,Furniture,2025-09-01 20:25:54
663,CAT0663,Clothing - Standard,2025-05-15 01:14:54
664,CAT0664,Elite Sports,2025-02-25 12:44:54
665,CAT0665,Books,2025-06-24 20:07:54
666,CAT0666,Toys - Premium,2025-07-20 14:13:54
667,CAT0667,Vintage Food,2025-10-28 19:34:54
668,CAT0668,Garden,2024-12-30 11:33:54
669,CAT0669,Automotive - Professional,2024-11-18 18:02:54
670,CAT0670,Vintage Health,2025-02-04 12:35:54
671,CAT0671,Beauty,2025-04-20 20:49:54
672,CAT0672,Jewelry - Classic,2025-05-15 04:39:54
673,CAT0673,Superior Music,2025-09-18 08:01:54
674,CAT0674,Office,2025-07-20 19:13:54
675,CAT0675,Pet - Standard,2024-12-13 09:24:54
676,CAT0676,Superior Baby,2025-06-06 09:06:54
677,CAT0677,Art,2025-08-24 08:05:54
678,CAT0678,Industrial - Superior,2024-11-12 02:06:54
679,CAT0679,Standard Medical,2025-10-24 01:38:54
680,CAT0680,Electronics,2025-02-15 14:21:54
681,CAT0681,Tools - Advanced,2024-11-25 20:12:54
682,CAT0682,Deluxe Furniture,2025-08-23 05:41:54
683,CAT0683,Clothing,2025-03-14 04:32:54
684,CAT0684,Sports - Vintage,2024-11-15 09:36:54
685,CAT0685,Advanced Books,2025-01-06 06:58:54
686,CAT0686,Toys,2025-02-21 22:07:54
687,CAT0687,Food - Standard,2025-09-05 03:11:54
688,CAT0688,Elite Garden,2025-10-23 00:44:54
689,CAT0689,Automotive,2024-12-16 01:52:54
690,CAT0690,Health - Premium,2025-05-21 06:08:54
691,CAT0691,Standard Beauty,2025-08-19 02:28:54
692,CAT0692,Jewelry,2025-04-17 16:52:54
693,CAT0693,Music - Standard,2024-12-02 14:17:54
694,CAT0694,Premium Office,2025-09-21 23:03:54
695,CAT0695,Pet,2025-04-24 15:11:54
696,CAT0696,Baby - Advanced,2024-12-27 05:40:54
697,CAT0697,Superior Art,2025-01-12 22:03:54
698,CAT0698,Industrial,2025-04-16 20:48:54
699,CAT0699,Medical - Deluxe,2025-04-02 08:46:54
700,CAT0700,Standard Electronics,2025-03-10 00:50:54
701,CAT0701,Tools,2025-05-14 07:12:54
702,CAT0702,Furniture - Professional,2024-12-05 11:00:54
703,CAT0703,Deluxe Clothing,2025-03-26 00:29:54
704,CAT0704,Sports,2025-10-04 21:27:54
705,CAT0705,Books - Premium,2025-07-01 16:23:54
706,CAT0706,Elite Toys,2025-06-12 02:05:54
707,CAT0707,Food,2025-02-21 03:12:54
708,CAT0708,Garden - Elite,2025-06-12 11:57:54
709,CAT0709,Compact Automotive,2025-07-06 22:26:54
710,CAT0710,Health,2025-08-31 18:02:54
711,CAT0711,Beauty - Standard,2025-07-24 02:34:54
712,CAT0712,Advanced Jewelry,2025-01-10 05:26:54
713,CAT0713,Music,2025-02-18 01:38:54
714,CAT0714,Office - Advanced,2025-09-07 13:00:54
715,CAT0715,Elite Pet,2024-11-17 13:48:54
716,CAT0716,Baby,2025-07-17 02:21:54
717,CAT0717,Art - Compact,2025-10-18 12:58:54
718,CAT0718,Elite Industrial,2025-11-05 14:02:54
719,CAT0719,Medical,2025-08-11 02:23:54
720,CAT0720,Electronics - Basic,2024-12-31 09:26:54
721,CAT0721,Deluxe Tools,2025-04-02 21:14:54
722,CAT0722,Furniture,2025-06-06 02:34:54
723,CAT0723,Clothing - Professional,2025-07-07 16:16:54
724,CAT0724,Classic Sports,2025-05-23 03:14:54
725,CAT0725,Books,2025-11-03 23:51:54
726,CAT0726,Toys - Premium,2025-02-03 14:06:54
727,CAT0727,Advanced Food,2024-12-19 07:27:54
728,CAT0728,Garden,2025-07-23 07:49:54
729,CAT0729,Automotive - Professional,2025-01-13 19:32:54
730,CAT0730,Superior Health,2025-01-12 03:29:54
731,CAT0731,Beauty,2025-10-09 23:03:54
732,CAT0732,Jewelry - Compact,2025-03-05 09:02:54
733,CAT0733,Basic Music,2025-02-22 08:26:54
734,CAT0734,Office,2024-12-04 08:49:54
735,CAT0735,Pet - Professional,2025-07-08 15:18:54
736,CAT0736,Classic Baby,2025-04-14 01:26:54
737,CAT0737,Art,2025-09-16 18:39:54
738,CAT0738,Industrial - Vintage,2024-11-12 20:33:54
739,CAT0739,Classic Medical,2025-04-13 04:22:54
740,CAT0740,Electronics,2024-11-14 01:45:54
741,CAT0741,Tools - Deluxe,2025-05-06 10:01:54
742,CAT0742,Compact Furniture,2024-12-21 20:40:54
743,CAT0743,Clothing,2025-09-23 05:03:54
744,CAT0744,Sports - Elite,2024-11-29 18:07:54
745,CAT0745,Advanced Books,2025-02-12 12:48:54
746,CAT0746,Toys,2025-04-27 15:48:54
747,CAT0747,Food - Vintage,2025-05-07 22:49:54
748,CAT0748,Basic Garden,2024-12-29 14:25:54
749,CAT0749,Automotive,2024-11-14 17:16:54
750,CAT0750,Health - Compact,2025-02-01 10:41:54
751,CAT0751,Standard Beauty,2025-06-19 20:58:54
752,CAT0752,Jewelry,2025-03-11 00:53:54
753,CAT0753,Music - Superior,2025-03-15 00:26:54
754,CAT0754,Standard Office,2025-09-30 01:25:54
755,CAT0755,Pet,2025-06-14 17:01:54
756,CAT0756,Baby - Vintage,2024-12-26 01:17:54
757,CAT0757,Standard Art,2025-10-26 08:59:54
758,CAT0758,Industrial,2025-07-29 05:45:54
759,CAT0759,Medical - Standard,2025-08-16 18:55:54
760,CAT0760,Advanced Electronics,2025-10-21 02:50:54
761,CAT0761,Tools,2024-11-10 22:23:54
762,CAT0762,Furniture - Superior,2025-08-04 21:45:54
763,CAT0763,Professional Clothing,2025-01-02 11:20:54
764,CAT0764,Sports,2025-09-21 20:36:54
765,CAT0765,Books - Advanced,2025-02-24 15:16:54
766,CAT0766,Premium Toys,2025-10-21 21:38:54
767,CAT0767,Food,2025-05-08 11:36:54
768,CAT0768,Garden - Deluxe,2025-11-04 05:51:54
769,CAT0769,Standard Automotive,2024-12-12 13:05:54
770,CAT0770,Health,2025-06-01 02:40:54
771,CAT0771,Beauty - Modern,2025-09-23 07:14:54
772,CAT0772,Vintage Jewelry,2025-05-28 19:30:54
773,CAT0773,Music,2025-01-04 12:06:54
774,CAT0774,Office - Vintage,2025-04-04 18:52:54
775,CAT0775,Deluxe Pet,2025-10-24 14:52:54
776,CAT0776,Baby,2024-11-14 08:52:54
777,CAT0777,Art - Standard,2025-03-08 00:11:54
778,CAT0778,Standard Industrial,2024-12-02 12:00:54
779,CAT0779,Medical,2025-10-16 22:45:54
780,CAT0780,Electronics - Compact,2025-05-14 08:14:54
781,CAT0781,Premium Tools,2025-05-08 04:42:54
782,CAT0782,Furniture,2025-06-02 11:39:54
783,CAT0783,Clothing - Vintage,2024-11-27 01:09:54
784,CAT0784,Classic Sports,2025-03-23 16:29:54
785,CAT0785,Books,2025-06-30 21:46:54
786,CAT0786,Toys - Superior,2025-02-09 01:15:54
787,CAT0787,Standard Food,2025-02-05 23:44:54
788,CAT0788,Garden,2025-03-19 06:55:54
789,CAT0789,Automotive - Superior,2025-04-23 20:47:54
790,CAT0790,Elite Health,2025-05-21 01:41:54
791,CAT0791,Beauty,2025-10-07 07:49:54
792,CAT0792,Jewelry - Vintage,2025-03-07 00:57:54
793,CAT0793,Modern Music,2024-11-21 22:28:54
794,CAT0794,Office,2025-11-01 04:14:54
795,CAT0795,Pet - Professional,2025-08-16 01:55:54
796,CAT0796,Advanced Baby,2025-08-10 06:02:54
797,CAT0797,Art,2025-09-12 22:25:54
798,CAT0798,Industrial - Basic,2025-04-22 20:41:54
799,CAT0799,Standard Medical,2024-12-07 07:15:54
800,CAT0800,Electronics,2025-01-01 04:00:54
801,CAT0801,Tools - Classic,2025-04-03 11:42:54
802,CAT0802,Standard Furniture,2024-11-30 14:00:54
803,CAT0803,Clothing,2025-01-11 12:43:54
804,CAT0804,Sports - Basic,2024-12-30 05:55:54
805,CAT0805,Modern Books,2025-02-26 20:41:54
806,CAT0806,Toys,2025-05-30 23:32:54
807,CAT0807,Food - Professional,2025-06-20 14:23:54
808,CAT0808,Basic Garden,2025-09-04 08:46:54
809,CAT0809,Automotive,2024-11-19 04:48:54
810,CAT0810,Health - Basic,2025-05-14 05:43:54
811,CAT0811,Modern Beauty,2025-05-15 02:45:54
812,CAT0812,Jewelry,2025-02-28 23:32:54
813,CAT0813,Music - Compact,2025-09-11 18:43:54
814,CAT0814,Premium Office,2025-09-22 22:24:54
815,CAT0815,Pet,2025-10-05 15:39:54
816,CAT0816,Baby - Deluxe,2024-12-12 14:52:54
817,CAT0817,Superior Art,2025-01-15 15:50:54
818,CAT0818,Industrial,2025-06-24 09:53:54
819,CAT0819,Medical - Vintage,2025-03-19 18:22:54
820,CAT0820,Professional Electronics,2025-04-14 13:14:54
821,CAT0821,Tools,2025-03-27 20:40:54
822,CAT0822,Furniture - Modern,2025-04-11 08:26:54
823,CAT0823,Premium Clothing,2025-10-21 21:22:54
824,CAT0824,Sports,2025-08-04 17:18:54
825,CAT0825,Books - Modern,2024-11-18 23:58:54
826,CAT0826,Standard Toys,2024-11-22 19:39:54
827,CAT0827,Food,2025-08-26 00:40:54
828,CAT0828,Garden - Standard,2025-10-06 04:01:54
829,CAT0829,Premium Automotive,2025-09-26 10:03:54
830,CAT0830,Health,2025-04-29 14:29:54
831,CAT0831,Beauty - Basic,2025-05-28 21:14:54
832,CAT0832,Deluxe Jewelry,2025-02-05 07:56:54
833,CAT0833,Music,2024-11-17 05:40:54
834,CAT0834,Office - Elite,2024-12-27 13:46:54
835,CAT0835,Professional Pet,2025-09-09 15:30:54
836,CAT0836,Baby,2024-11-08 03:37:54
837,CAT0837,Art - Advanced,2024-12-01 00:41:54
838,CAT0838,Advanced Industrial,2025-02-01 10:10:54
839,CAT0839,Medical,2025-09-04 00:08:54
840,CAT0840,Electronics - Advanced,2025-08-04 11:23:54
841,CAT0841,Basic Tools,2025-04-20 07:09:54
842,CAT0842,Furniture,2025-05-08 09:32:54
843,CAT0843,Clothing - Elite,2025-01-27 07:45:54
844,CAT0844,Deluxe Sports,2025-07-12 16:59:54
845,CAT0845,Books,2025-05-01 11:44:54
846,CAT0846,Toys - Elite,2025-10-06 13:36:54
847,CAT0847,Deluxe Food,2025-05-05 12:37:54
848,CAT0848,Garden,2024-11-15 05:49:54
849,CAT0849,Automotive - Modern,2025-06-18 13:09:54
850,CAT0850,Professional Health,2025-07-04 19:33:54
851,CAT0851,Beauty,2025-08-13 15:58:54
852,CAT0852,Jewelry - Advanced,2025-06-25 00:48:54
853,CAT0853,Modern Music,2025-05-23 04:55:54
854,CAT0854,Office,2025-10-12 07:58:54
855,CAT0855,Pet - Deluxe,2024-11-18 01:33:54
856,CAT0856,Deluxe Baby,2025-08-14 13:10:54
857,CAT0857,Art,2024-12-13 11:23:54
858,CAT0858,Industrial - Standard,2025-10-28 01:38:54
859,CAT0859,Professional Medical,2025-08-09 00:20:54
860,CAT0860,Electronics,2025-01-29 06:34:54
861,CAT0861,Tools - Standard,2025-07-10 22:18:54
862,CAT0862,Compact Furniture,2025-04-01 22:22:54
863,CAT0863,Clothing,2025-06-19 03:38:54
864,CAT0864,Sports - Modern,2025-03-16 00:40:54
865,CAT0865,Elite Books,2024-12-24 18:06:54
866,CAT0866,Toys,2025-06-04 06:33:54
867,CAT0867,Food - Advanced,2025-07-08 14:46:54
868,CAT0868,Vintage Garden,2024-11-30 02:44:54
869,CAT0869,Automotive,2025-07-24 16:47:54
870,CAT0870,Health - Vintage,2025-03-05 15:04:54
871,CAT0871,Classic Beauty,2025-08-31 22:22:54
872,CAT0872,Jewelry,2024-12-13 07:29:54
873,CAT0873,Music - Professional,2025-03-17 04:17:54
874,CAT0874,Advanced Office,2025-03-31 17:49:54
875,CAT0875,Pet,2025-08-04 19:51:54
876,CAT0876,Baby - Modern,2025-10-20 01:34:54
877,CAT0877,Advanced Art,2025-06-09 18:48:54
878,CAT0878,Industrial,2025-06-15 10:39:54
879,CAT0879,Medical - Classic,2024-11-18 13:42:54
880,CAT0880,Professional Electronics,2024-11-18 05:51:54
881,CAT0881,Tools,2025-06-07 17:15:54
882,CAT0882,Furniture - Professional,2025-09-09 09:11:54
883,CAT0883,Classic Clothing,2025-06-21 05:41:54
884,CAT0884,Sports,2025-01-28 02:32:54
885,CAT0885,Books - Advanced,2025-10-17 18:50:54
886,CAT0886,Standard Toys,2025-09-15 22:14:54
887,CAT0887,Food,2025-01-11 10:33:54
888,CAT0888,Garden - Premium,2025-02-21 03:53:54
889,CAT0889,Vintage Automotive,2025-05-11 05:18:54
890,CAT0890,Health,2025-05-27 03:22:54
891,CAT0891,Beauty - Superior,2024-11-21 15:27:54
892,CAT0892,Compact Jewelry,2025-07-16 07:17:54
893,CAT0893,Music,2025-08-18 14:37:54
894,CAT0894,Office - Standard,2025-01-01 03:15:54
895,CAT0895,Deluxe Pet,2025-04-16 08:02:54
896,CAT0896,Baby,2025-06-04 00:38:54
897,CAT0897,Art - Modern,2025-08-24 12:53:54
898,CAT0898,Compact Industrial,2025-07-07 18:24:54
899,CAT0899,Medical,2025-10-12 03:50:54
900,CAT0900,Electronics - Advanced,2025-06-16 20:26:54
901,CAT0901,Deluxe Tools,2025-04-15 19:26:54
902,CAT0902,Furniture,2025-06-21 10:28:54
903,CAT0903,Clothing - Compact,2025-07-01 09:43:54
904,CAT0904,Elite Sports,2025-04-21 22:29:54
905,CAT0905,Books,2024-12-18 03:10:54
906,CAT0906,Toys - Professional,2025-04-02 03:11:54
907,CAT0907,Professional Food,2025-01-18 05:25:54
908,CAT0908,Garden,2025-02-07 15:22:54
909,CAT0909,Automotive - Vintage,2025-08-28 03:29:54
910,CAT0910,Vintage Health,2025-07-20 21:18:54
911,CAT0911,Beauty,2025-06-27 09:44:54
912,CAT0912,Jewelry - Elite,2025-09-29 13:57:54
913,CAT0913,Deluxe Music,2025-07-08 01:12:54
914,CAT0914,Office,2025-09-24 06:46:54
915,CAT0915,Pet - Superior,2025-04-19 22:40:54
916,CAT0916,Elite Baby,2024-12-02 06:37:54
917,CAT0917,Art,2025-04-05 07:08:54
918,CAT0918,Industrial - Classic,2025-04-05 11:14:54
919,CAT0919,Deluxe Medical,2025-09-13 19:53:54
920,CAT0920,Electronics,2025-07-16 15:51:54
921,CAT0921,Tools - Basic,2025-08-01 12:07:54
922,CAT0922,Premium Furniture,2025-07-02 04:44:54
923,CAT0923,Clothing,2025-10-26 05:19:54
924,CAT0924,Sports - Premium,2024-12-18 02:08:54
925,CAT0925,Superior Books,2025-01-15 02:16:54
926,CAT0926,Toys,2025-10-30 09:26:54
927,CAT0927,Food - Advanced,2025-10-03 07:06:54
928,CAT0928,Advanced Garden,2025-02-11 01:03:54
929,CAT0929,Automotive,2025-06-02 23:25:54
930,CAT0930,Health - Premium,2025-06-22 12:27:54
931,CAT0931,Vintage Beauty,2025-03-24 10:50:54
932,CAT0932,Jewelry,2025-01-23 07:00:54
933,CAT0933,Music - Classic,2025-05-27 05:00:54
934,CAT0934,Premium Office,2025-01-02 13:11:54
935,CAT0935,Pet,2025-03-27 12:54:54
936,CAT0936,Baby - Classic,2025-05-08 17:39:54
937,CAT0937,Advanced Art,2025-07-21 16:45:54
938,CAT0938,Industrial,2025-04-20 02:12:54
939,CAT0939,Medical - Vintage,2025-02-02 19:17:54
940,CAT0940,Classic Electronics,2025-01-01 10:08:54
941,CAT0941,Tools,2025-05-23 15:07:54
942,CAT0942,Furniture - Modern,2025-03-20 14:33:54
943,CAT0943,Classic Clothing,2025-03-24 19:46:54
944,CAT0944,Sports,2025-11-02 12:08:54
945,CAT0945,Books - Standard,2025-01-10 04:44:54
946,CAT0946,Professional Toys,2025-01-19 19:46:54
947,CAT0947,Food,2025-07-25 05:04:54
948,CAT0948,Garden - Premium,2024-11-07 10:43:54
949,CAT0949,Basic Automotive,2025-07-10 11:40:54
950,CAT0950,Health,2024-11-14 07:38:54
951,CAT0951,Beauty - Elite,2024-11-19 20:59:54
952,CAT0952,Professional Jewelry,2025-06-02 01:45:54
953,CAT0953,Music,2025-03-12 16:31:54
954,CAT0954,Office - Professional,2025-10-25 15:09:54
955,CAT0955,Premium Pet,2025-05-13 04:24:54
956,CAT0956,Baby,2024-12-11 12:56:54
957,CAT0957,Art - Basic,2025-10-09 09:20:54
958,CAT0958,Vintage Industrial,2025-06-11 07:29:54
959,CAT0959,Medical,2025-03-23 10:51:54
960,CAT0960,Electronics - Compact,2025-01-22 09:23:54
961,CAT0961,Basic Tools,2024-12-31 03:05:54
962,CAT0962,Furniture,2025-01-18 03:13:54
963,CAT0963,Clothing - Deluxe,2025-09-05 00:40:54
964,CAT0964,Classic Sports,2025-06-16 06:29:54
965,CAT0965,Books,2025-05-08 00:01:54
966,CAT0966,Toys - Classic,2025-05-30 20:22:54
967,CAT0967,Deluxe Food,2024-11-11 09:19:54
968,CAT0968,Garden,2025-01-12 06:06:54
969,CAT0969,Automotive - Superior,2025-07-13 00:51:54
970,CAT0970,Compact Health,2025-10-10 21:42:54
971,CAT0971,Beauty,2025-11-03 18:03:54
972,CAT0972,Jewelry - Superior,2025-03-01 06:06:54
973,CAT0973,Superior Music,2025-01-27 03:51:54
974,CAT0974,Office,2025-01-01 16:22:54
975,CAT0975,Pet - Superior,2025-03-25 08:28:54
976,CAT0976,Superior Baby,2025-08-10 16:09:54
977,CAT0977,Art,2025-01-29 23:00:54
978,CAT0978,Industrial - Advanced,2025-02-19 03:23:54
979,CAT0979,Deluxe Medical,2025-07-19 09:37:54
980,CAT0980,Electronics,2024-11-29 22:36:54
981,CAT0981,Tools - Deluxe,2025-01-08 04:37:54
982,CAT0982,Compact Furniture,2025-09-06 15:19:54
983,CAT0983,Clothing,2024-12-13 11:38:54
984,CAT0984,Sports - Premium,2025-10-10 16:07:54
985,CAT0985,Classic Books,2025-01-20 15:48:54
986,CAT0986,Toys,2024-11-25 19:14:54
987,CAT0987,Food - Premium,2025-07-26 04:39:54
988,CAT0988,Standard Garden,2025-02-20 17:03:54
989,CAT0989,Automotive,2025-02-07 01:20:54
990,CAT0990,Health - Premium,2024-11-19 05:31:54
991,CAT0991,Compact Beauty,2025-07-20 09:58:54
992,CAT0992,Jewelry,2025-03-17 17:36:54
993,CAT0993,Music - Vintage,2025-01-13 02:04:54
994,CAT0994,Standard Office,2025-10-27 05:35:54
995,CAT0995,Pet,2025-08-16 20:19:54
996,CAT0996,Baby - Compact,2025-04-01 00:16:54
997,CAT0997,Standard Art,2025-02-14 08:46:54
998,CAT0998,Industrial,2025-03-11 22:15:54
999,CAT0999,Medical - Compact,2025-02-14 22:45:54
1000,CAT1000,Compact Electronics,2025-03-02 08:09:54
1001,CAT1001,Tools,2025-01-08 23:15:54
1002,CAT1002,Furniture - Elite,2025-02-06 09:48:54
1003,CAT1003,Classic Clothing,2025-09-26 04:44:54
1004,CAT1004,Sports,2024-12-08 21:59:54
1005,CAT1005,Books - Advanced,2025-06-06 03:16:54
1006,CAT1006,Professional Toys,2025-10-26 20:25:54
1007,CAT1007,Food,2024-12-25 19:00:54
1008,CAT1008,Garden - Premium,2025-01-14 16:28:54
1009,CAT1009,Elite Automotive,2025-02-17 16:49:54
1010,CAT1010,Health,2024-12-04 13:18:54
1011,CAT1011,Beauty - Elite,2025-06-07 11:36:54
1012,CAT1012,Advanced Jewelry,2025-04-03 11:10:54
1013,CAT1013,Music,2024-12-05 15:05:54
1014,CAT1014,Office - Basic,2025-09-01 04:28:54
1015,CAT1015,Advanced Pet,2025-09-06 21:36:54
1016,CAT1016,Baby,2025-05-23 07:56:54
1017,CAT1017,Art - Deluxe,2025-05-24 16:37:54
1018,CAT1018,Compact Industrial,2024-12-23 01:15:54
1019,CAT1019,Medical,2025-10-10 12:09:54
1020,CAT1020,Electronics - Advanced,2025-09-05 00:20:54
1021,CAT1021,Basic Tools,2025-10-17 04:45:54
1022,CAT1022,Furniture,2025-08-30 14:19:54
1023,CAT1023,Clothing - Compact,2025-04-13 09:17:54
1024,CAT1024,Classic Sports,2025-09-29 22:20:54
1025,CAT1025,Books,2025-06-28 01:13:54
1026,CAT1026,Toys - Standard,2025-06-16 17:08:54
1027,CAT1027,Vintage Food,2025-01-19 09:07:54
1028,CAT1028,Garden,2025-04-26 16:24:54
1029,CAT1029,Automotive - Modern,2025-07-21 16:12:54
1030,CAT1030,Deluxe Health,2025-02-18 12:10:54
1031,CAT1031,Beauty,2025-02-07 17:24:54
1032,CAT1032,Jewelry - Superior,2025-05-06 20:33:54
1033,CAT1033,Modern Music,2025-08-26 14:46:54
1034,CAT1034,Office,2025-04-05 18:43:54
1035,CAT1035,Pet - Classic,2025-09-09 17:29:54
1036,CAT1036,Standard Baby,2025-01-18 18:42:54
1037,CAT1037,Art,2025-07-31 11:14:54
1038,CAT1038,Industrial - Compact,2025-07-02 08:11:54
1039,CAT1039,Elite Medical,2025-08-21 07:41:54
1040,CAT1040,Electronics,2025-10-17 14:48:54
1041,CAT1041,Tools - Superior,2025-04-07 15:21:54
1042,CAT1042,Compact Furniture,2024-12-15 20:49:54
1043,CAT1043,Clothing,2025-08-10 08:15:54
1044,CAT1044,Sports - Compact,2025-09-13 09:33:54
1045,CAT1045,Standard Books,2025-03-16 03:57:54
1046,CAT1046,Toys,2025-04-25 11:13:54
1047,CAT1047,Food - Superior,2025-02-15 00:05:54
1048,CAT1048,Vintage Garden,2025-08-19 16:04:54
1049,CAT1049,Automotive,2025-10-13 16:56:54
1050,CAT1050,Health - Vintage,2025-04-22 08:33:54
1051,CAT1051,Deluxe Beauty,2025-11-05 06:39:54
1052,CAT1052,Jewelry,2025-02-16 12:16:54
1053,CAT1053,Music - Superior,2025-11-05 18:49:54
1054,CAT1054,Compact Office,2025-04-06 20:04:54
1055,CAT1055,Pet,2024-11-17 15:22:54
1056,CAT1056,Baby - Elite,2025-08-01 07:32:54
1057,CAT1057,Deluxe Art,2025-06-29 07:36:54
1058,CAT1058,Industrial,2025-04-10 15:14:54
1059,CAT1059,Medical - Professional,2025-07-27 22:00:54
1060,CAT1060,Premium Electronics,2025-01-11 23:20:54
1061,CAT1061,Tools,2025-05-27 19:49:54
1062,CAT1062,Furniture - Vintage,2025-09-19 00:02:54
1063,CAT1063,Basic Clothing,2025-09-09 23:23:54
1064,CAT1064,Sports,2025-07-30 00:12:54
1065,CAT1065,Books - Elite,2025-08-01 08:53:54
1066,CAT1066,Classic Toys,2025-05-28 07:58:54
1067,CAT1067,Food,2025-05-19 02:21:54
1068,CAT1068,Garden - Elite,2025-03-28 17:30:54
1069,CAT1069,Deluxe Automotive,2025-05-17 09:08:54
1070,CAT1070,Health,2025-09-05 15:21:54
1071,CAT1071,Beauty - Basic,2025-01-20 20:57:54
1072,CAT1072,Vintage Jewelry,2025-03-06 21:27:54
1073,CAT1073,Music,2025-11-02 18:51:54
1074,CAT1074,Office - Superior,2025-09-26 12:46:54
1075,CAT1075,Elite Pet,2025-08-21 08:40:54
1076,CAT1076,Baby,2025-06-07 14:31:54
1077,CAT1077,Art - Superior,2025-10-10 18:17:54
1078,CAT1078,Compact Industrial,2025-06-11 00:28:54
1079,CAT1079,Medical,2025-10-24 20:52:54
1080,CAT1080,Electronics - Professional,2025-05-23 03:44:54
1081,CAT1081,Compact Tools,2025-04-06 19:20:54
1082,CAT1082,Furniture,2025-01-08 17:14:54
1083,CAT1083,Clothing - Modern,2025-04-02 02:34:54
1084,CAT1084,Advanced Sports,2025-02-26 13:23:54
1085,CAT1085,Books,2025-02-05 21:56:54
1086,CAT1086,Toys - Compact,2025-03-29 20:27:54
1087,CAT1087,Premium Food,2024-12-20 01:58:54
1088,CAT1088,Garden,2024-12-21 02:59:54
1089,CAT1089,Automotive - Basic,2024-12-17 15:10:54
1090,CAT1090,Professional Health,2025-08-07 15:08:54
1091,CAT1091,Beauty,2025-06-10 11:21:54
1092,CAT1092,Jewelry - Professional,2025-01-18 15:34:54
1093,CAT1093,Advanced Music,2025-10-14 14:09:54
1094,CAT1094,Office,2025-03-16 13:18:54
1095,CAT1095,Pet - Compact,2025-02-26 08:49:54
1096,CAT1096,Compact Baby,2025-02-24 15:11:54
1097,CAT1097,Art,2025-05-08 04:18:54
1098,CAT1098,Industrial - Classic,2025-01-23 05:44:54
1099,CAT1099,Superior Medical,2025-08-24 02:54:54
1100,CAT1100,Electronics,2025-06-18 10:46:54
1101,CAT1101,Tools - Modern,2025-05-05 13:04:54
1102,CAT1102,Vintage Furniture,2025-09-18 09:29:54
1103,CAT1103,Clothing,2025-07-18 12:46:54
1104,CAT1104,Sports - Professional,2025-05-05 03:20:54
1105,CAT1105,Basic Books,2025-05-22 16:09:54
1106,CAT1106,Toys,2025-09-22 01:32:54
1107,CAT1107,Food - Superior,2025-09-11 07:42:54
1108,CAT1108,Standard Garden,2025-01-30 04:41:54
1109,CAT1109,Automotive,2025-08-20 22:47:54
1110,CAT1110,Health - Modern,2025-04-24 03:51:54
1111,CAT1111,Professional Beauty,2025-07-05 10:25:54
1112,CAT1112,Jewelry,2025-08-31 00:54:54
1113,CAT1113,Music - Standard,2025-03-31 02:23:54
1114,CAT1114,Standard Office,2025-06-29 19:33:54
1115,CAT1115,Pet,2025-01-22 04:57:54
1116,CAT1116,Baby - Compact,2024-12-17 04:59:54
1117,CAT1117,Standard Art,2024-11-27 13:35:54
1118,CAT1118,Industrial,2025-06-27 01:41:54
1119,CAT1119,Medical - Elite,2025-05-06 11:02:54
1120,CAT1120,Deluxe Electronics,2025-08-22 15:39:54
1121,CAT1121,Tools,2025-06-13 20:14:54
1122,CAT1122,Furniture - Premium,2025-05-19 11:28:54
1123,CAT1123,Professional Clothing,2025-08-28 11:28:54
1124,CAT1124,Sports,2025-01-16 21:46:54
1125,CAT1125,Books - Advanced,2025-09-26 04:24:54
1126,CAT1126,Basic Toys,2024-11-24 08:06:54
1127,CAT1127,Food,2025-07-02 03:15:54
1128,CAT1128,Garden - Modern,2025-02-08 22:05:54
1129,CAT1129,Advanced Automotive,2025-07-25 07:33:54
1130,CAT1130,Health,2024-11-12 01:56:54
1131,CAT1131,Beauty - Superior,2025-10-17 22:34:54
1132,CAT1132,Deluxe Jewelry,2025-07-22 09:12:54
1133,CAT1133,Music,2025-05-24 16:02:54
1134,CAT1134,Office - Compact,2025-10-15 02:24:54
1135,CAT1135,Classic Pet,2025-03-27 09:03:54
1136,CAT1136,Baby,2025-06-14 12:06:54
1137,CAT1137,Art - Professional,2025-11-05 12:39:54
1138,CAT1138,Deluxe Industrial,2025-06-04 02:22:54
1139,CAT1139,Medical,2025-04-11 08:09:54
1140,CAT1140,Electronics - Classic,2025-03-29 15:59:54
1141,CAT1141,Basic Tools,2025-07-07 15:17:54
1142,CAT1142,Furniture,2025-09-23 17:43:54
1143,CAT1143,Clothing - Deluxe,2025-01-08 15:31:54
1144,CAT1144,Elite Sports,2025-06-08 03:02:54
1145,CAT1145,Books,2024-12-10 01:07:54
1146,CAT1146,Toys - Basic,2024-11-28 05:56:54
1147,CAT1147,Vintage Food,2025-08-13 14:10:54
1148,CAT1148,Garden,2025-05-14 02:43:54
1149,CAT1149,Automotive - Elite,2025-06-16 16:08:54
1150,CAT1150,Advanced Health,2025-04-30 02:29:54
1151,CAT1151,Beauty,2025-06-22 20:20:54
1152,CAT1152,Jewelry - Professional,2025-02-14 17:11:54
1153,CAT1153,Deluxe Music,2025-01-28 14:55:54
1154,CAT1154,Office,2025-05-13 01:52:54
1155,CAT1155,Pet - Standard,2024-12-17 18:43:54
1156,CAT1156,Standard Baby,2025-05-01 08:42:54
1157,CAT1157,Art,2025-11-07 14:12:54
1158,CAT1158,Industrial - Vintage,2024-11-22 05:58:54
1159,CAT1159,Advanced Medical,2025-09-16 09:50:54
1160,CAT1160,Electronics,2025-03-26 06:19:54
1161,CAT1161,Tools - Superior,2025-02-12 02:59:54
1162,CAT1162,Vintage Furniture,2025-08-18 23:48:54
1163,CAT1163,Clothing,2025-08-20 09:01:54
1164,CAT1164,Sports - Vintage,2025-06-29 05:34:54
1165,CAT1165,Superior Books,2025-02-02 01:16:54
1166,CAT1166,Toys,2025-02-11 22:39:54
1167,CAT1167,Food - Modern,2025-08-31 07:10:54
1168,CAT1168,Elite Garden,2024-12-23 02:40:54
1169,CAT1169,Automotive,2025-03-10 20:19:54
1170,CAT1170,Health - Professional,2025-08-27 03:58:54
1171,CAT1171,Vintage Beauty,2025-04-20 16:10:54
1172,CAT1172,Jewelry,2025-04-23 20:31:54
1173,CAT1173,Music - Modern,2025-02-28 07:17:54
1174,CAT1174,Basic Office,2025-03-02 10:57:54
1175,CAT1175,Pet,2025-04-28 10:40:54
1176,CAT1176,Baby - Compact,2024-11-07 01:02:54
1177,CAT1177,Deluxe Art,2025-09-25 14:00:54
1178,CAT1178,Industrial,2024-12-14 12:06:54
1179,CAT1179,Medical - Advanced,2025-08-05 09:05:54
1180,CAT1180,Modern Electronics,2024-11-09 06:20:54
1181,CAT1181,Tools,2024-11-27 09:08:54
1182,CAT1182,Furniture - Modern,2025-06-10 14:05:54
1183,CAT1183,Modern Clothing,2025-11-06 08:51:54
1184,CAT1184,Sports,2025-01-13 12:59:54
1185,CAT1185,Books - Modern,2025-07-27 04:27:54
1186,CAT1186,Deluxe Toys,2025-10-18 03:26:54
1187,CAT1187,Food,2025-02-12 10:15:54
1188,CAT1188,Garden - Professional,2025-04-05 22:39:54
1189,CAT1189,Premium Automotive,2025-09-08 00:53:54
1190,CAT1190,Health,2025-02-12 06:08:54
1191,CAT1191,Beauty - Deluxe,2025-01-28 20:57:54
1192,CAT1192,Elite Jewelry,2025-04-08 23:01:54
1193,CAT1193,Music,2024-12-07 22:52:54
1194,CAT1194,Office - Superior,2025-04-17 00:04:54
1195,CAT1195,Modern Pet,2025-01-01 01:52:54
1196,CAT1196,Baby,2025-06-13 08:38:54
1197,CAT1197,Art - Elite,2024-12-10 14:37:54
1198,CAT1198,Modern Industrial,2025-10-16 17:56:54
1199,CAT1199,Medical,2025-04-02 07:21:54
1200,CAT1200,Electronics - Advanced,2025-01-05 18:03:54
1201,CAT1201,Premium Tools,2025-10-06 18:40:54
1202,CAT1202,Furniture,2025-03-26 02:55:54
1203,CAT1203,Clothing - Elite,2025-10-02 05:41:54
1204,CAT1204,Modern Sports,2024-11-23 10:01:54
1205,CAT1205,Books,2024-12-04 19:12:54
1206,CAT1206,Toys - Compact,2024-11-08 21:42:54
1207,CAT1207,Professional Food,2025-01-11 17:23:54
1208,CAT1208,Garden,2025-10-09 03:20:54
1209,CAT1209,Automotive - Professional,2025-03-02 09:55:54
1210,CAT1210,Elite Health,2025-05-28 15:04:54
1211,CAT1211,Beauty,2025-03-26 05:33:54
1212,CAT1212,Jewelry - Classic,2025-09-08 15:45:54
1213,CAT1213,Superior Music,2025-02-04 11:16:54
1214,CAT1214,Office,2025-06-20 03:05:54
1215,CAT1215,Pet - Premium,2025-03-27 13:22:54
1216,CAT1216,Standard Baby,2025-08-08 14:33:54
1217,CAT1217,Art,2024-12-27 03:30:54
1218,CAT1218,Industrial - Elite,2024-12-11 10:31:54
1219,CAT1219,Classic Medical,2025-05-20 04:25:54
1220,CAT1220,Electronics,2025-10-01 14:35:54
1221,CAT1221,Tools - Compact,2025-04-11 06:50:54
1222,CAT1222,Basic Furniture,2025-06-22 09:12:54
1223,CAT1223,Clothing,2025-06-10 15:11:54
1224,CAT1224,Sports - Elite,2025-02-23 12:17:54
1225,CAT1225,Basic Books,2025-06-30 18:52:54
1226,CAT1226,Toys,2025-03-28 20:19:54
1227,CAT1227,Food - Vintage,2025-03-17 03:32:54
1228,CAT1228,Deluxe Garden,2025-04-11 15:31:54
1229,CAT1229,Automotive,2025-02-17 08:03:54
1230,CAT1230,Health - Compact,2025-02-06 08:00:54
1231,CAT1231,Classic Beauty,2025-02-04 10:44:54
1232,CAT1232,Jewelry,2025-01-08 07:26:54
1233,CAT1233,Music - Superior,2025-07-22 17:56:54
1234,CAT1234,Deluxe Office,2025-04-17 22:11:54
1235,CAT1235,Pet,2025-05-19 20:56:54
1236,CAT1236,Baby - Vintage,2024-12-09 18:56:54
1237,CAT1237,Advanced Art,2025-09-21 16:33:54
1238,CAT1238,Industrial,2025-02-16 07:16:54
1239,CAT1239,Medical - Premium,2025-11-01 15:28:54
1240,CAT1240,Premium Electronics,2025-05-20 21:17:54
1241,CAT1241,Tools,2025-04-27 07:19:54
1242,CAT1242,Furniture - Premium,2025-07-09 15:39:54
1243,CAT1243,Elite Clothing,2025-02-03 20:11:54
1244,CAT1244,Sports,2024-12-18 13:45:54
1245,CAT1245,Books - Vintage,2025-05-30 12:23:54
1246,CAT1246,Advanced Toys,2025-07-15 05:09:54
1247,CAT1247,Food,2025-08-28 19:37:54
1248,CAT1248,Garden - Professional,2025-10-16 07:43:54
1249,CAT1249,Deluxe Automotive,2025-03-27 06:13:54
1250,CAT1250,Health,2025-06-07 12:40:54
1251,CAT1251,Beauty - Classic,2024-12-21 21:40:54
1252,CAT1252,Elite Jewelry,2025-07-22 23:36:54
1253,CAT1253,Music,2025-01-18 09:06:54
1254,CAT1254,Office - Superior,2025-07-11 21:13:54
1255,CAT1255,Classic Pet,2025-09-30 23:47:54
1256,CAT1256,Baby,2024-12-05 15:34:54
1257,CAT1257,Art - Modern,2025-09-02 09:33:54
1258,CAT1258,Premium Industrial,2025-01-12 14:56:54
1259,CAT1259,Medical,2025-07-13 12:02:54
1260,CAT1260,Electronics - Basic,2025-09-18 10:23:54
1261,CAT1261,Premium Tools,2025-06-14 09:32:54
1262,CAT1262,Furniture,2024-12-31 17:00:54
1263,CAT1263,Clothing - Premium,2025-02-04 11:19:54
1264,CAT1264,Premium Sports,2025-02-28 20:12:54
1265,CAT1265,Books,2025-04-05 22:36:54
1266,CAT1266,Toys - Compact,2025-06-13 08:51:54
1267,CAT1267,Modern Food,2025-03-19 00:38:54
1268,CAT1268,Garden,2025-03-16 18:43:54
1269,CAT1269,Automotive - Deluxe,2025-05-06 02:29:54
1270,CAT1270,Deluxe Health,2025-08-12 15:17:54
1271,CAT1271,Beauty,2025-10-23 16:13:54
1272,CAT1272,Jewelry - Premium,2025-05-09 19:17:54
1273,CAT1273,Vintage Music,2025-04-25 05:26:54
1274,CAT1274,Office,2025-04-23 15:33:54
1275,CAT1275,Pet - Vintage,2025-10-27 17:28:54
1276,CAT1276,Advanced Baby,2025-08-17 18:20:54
1277,CAT1277,Art,2025-02-22 17:23:54
1278,CAT1278,Industrial - Basic,2025-05-20 09:21:54
1279,CAT1279,Classic Medical,2025-01-19 07:20:54
1280,CAT1280,Electronics,2024-12-16 07:57:54
1281,CAT1281,Tools - Professional,2025-10-18 16:01:54
1282,CAT1282,Superior Furniture,2024-12-31 17:34:54
1283,CAT1283,Clothing,2024-11-28 06:26:54
1284,CAT1284,Sports - Modern,2025-07-17 11:46:54
1285,CAT1285,Advanced Books,2025-09-06 00:32:54
1286,CAT1286,Toys,2025-11-05 05:07:54
1287,CAT1287,Food - Professional,2025-08-02 09:19:54
1288,CAT1288,Elite Garden,2025-11-07 01:35:54
1289,CAT1289,Automotive,2025-10-27 11:57:54
1290,CAT1290,Health - Superior,2025-06-17 02:02:54
1291,CAT1291,Elite Beauty,2025-10-11 05:19:54
1292,CAT1292,Jewelry,2025-03-25 12:49:54
1293,CAT1293,Music - Professional,2025-04-09 01:01:54
1294,CAT1294,Compact Office,2024-11-18 20:45:54
1295,CAT1295,Pet,2025-05-05 16:37:54
1296,CAT1296,Baby - Classic,2025-04-05 03:19:54
1297,CAT1297,Compact Art,2024-11-30 09:33:54
1298,CAT1298,Industrial,2024-12-09 09:34:54
1299,CAT1299,Medical - Classic,2024-11-14 10:07:54
1300,CAT1300,Professional Electronics,2025-05-03 08:37:54
1301,CAT1301,Tools,2025-05-11 22:28:54
1302,CAT1302,Furniture - Superior,2025-08-04 01:48:54
1303,CAT1303,Basic Clothing,2025-08-11 23:13:54
1304,CAT1304,Sports,2025-03-17 04:20:54
1305,CAT1305,Books - Vintage,2025-02-10 21:16:54
1306,CAT1306,Modern Toys,2025-03-21 16:10:54
1307,CAT1307,Food,2025-06-29 16:15:54
1308,CAT1308,Garden - Professional,2024-11-10 23:29:54
1309,CAT1309,Standard Automotive,2025-09-15 15:35:54
1310,CAT1310,Health,2025-05-21 06:58:54
1311,CAT1311,Beauty - Professional,2025-08-27 20:13:54
1312,CAT1312,Professional Jewelry,2025-09-30 09:03:54
1313,CAT1313,Music,2025-04-09 16:57:54
1314,CAT1314,Office - Deluxe,2025-09-18 07:09:54
1315,CAT1315,Deluxe Pet,2025-08-20 12:54:54
1316,CAT1316,Baby,2024-12-07 10:09:54
1317,CAT1317,Art - Premium,2025-08-17 21:42:54
1318,CAT1318,Premium Industrial,2025-07-01 15:39:54
1319,CAT1319,Medical,2025-05-10 02:59:54
1320,CAT1320,Electronics - Modern,2025-07-20 15:59:54
1321,CAT1321,Elite Tools,2025-02-20 01:26:54
1322,CAT1322,Furniture,2025-08-20 08:36:54
1323,CAT1323,Clothing - Standard,2025-04-04 14:54:54
1324,CAT1324,Basic Sports,2024-12-11 15:56:54
1325,CAT1325,Books,2025-10-24 10:34:54
1326,CAT1326,Toys - Advanced,2025-07-06 19:57:54
1327,CAT1327,Premium Food,2024-11-17 11:34:54
1328,CAT1328,Garden,2025-08-09 00:15:54
1329,CAT1329,Automotive - Vintage,2025-09-08 04:06:54
1330,CAT1330,Professional Health,2025-05-30 14:19:54
1331,CAT1331,Beauty,2025-08-10 00:09:54
1332,CAT1332,Jewelry - Premium,2025-05-06 16:27:54
1333,CAT1333,Basic Music,2025-09-17 13:33:54
1334,CAT1334,Office,2024-11-07 20:40:54
1335,CAT1335,Pet - Professional,2025-10-29 22:32:54
1336,CAT1336,Standard Baby,2025-11-02 14:20:54
1337,CAT1337,Art,2025-04-27 02:38:54
1338,CAT1338,Industrial - Compact,2025-02-21 11:43:54
1339,CAT1339,Standard Medical,2025-09-14 13:52:54
1340,CAT1340,Electronics,2025-03-18 07:10:54
1341,CAT1341,Tools - Modern,2025-04-26 14:50:54
1342,CAT1342,Premium Furniture,2025-01-31 02:44:54
1343,CAT1343,Clothing,2025-01-02 14:49:54
1344,CAT1344,Sports - Elite,2025-10-09 11:38:54
1345,CAT1345,Superior Books,2025-02-14 09:33:54
1346,CAT1346,Toys,2025-02-23 04:11:54
1347,CAT1347,Food - Professional,2025-08-02 17:11:54
1348,CAT1348,Premium Garden,2025-08-21 08:58:54
1349,CAT1349,Automotive,2025-07-03 19:50:54
1350,CAT1350,Health - Deluxe,2025-03-30 17:54:54
1351,CAT1351,Professional Beauty,2025-02-03 02:06:54
1352,CAT1352,Jewelry,2025-05-07 21:10:54
1353,CAT1353,Music - Elite,2025-01-11 07:28:54
1354,CAT1354,Classic Office,2025-06-29 13:17:54
1355,CAT1355,Pet,2025-06-08 00:27:54
1356,CAT1356,Baby - Compact,2025-04-07 15:27:54
1357,CAT1357,Classic Art,2025-04-25 18:24:54
1358,CAT1358,Industrial,2025-05-02 22:15:54
1359,CAT1359,Medical - Compact,2025-07-21 22:29:54
1360,CAT1360,Classic Electronics,2025-05-16 12:22:54
1361,CAT1361,Tools,2024-12-10 04:14:54
1362,CAT1362,Furniture - Elite,2025-03-01 11:07:54
1363,CAT1363,Deluxe Clothing,2024-11-27 04:06:54
1364,CAT1364,Sports,2025-02-11 16:29:54
1365,CAT1365,Books - Modern,2025-11-02 06:35:54
1366,CAT1366,Professional Toys,2025-08-12 11:11:54
1367,CAT1367,Food,2025-03-26 07:12:54
1368,CAT1368,Garden - Advanced,2025-03-06 23:18:54
1369,CAT1369,Standard Automotive,2025-08-03 11:38:54
1370,CAT1370,Health,2025-05-28 19:49:54
1371,CAT1371,Beauty - Classic,2024-11-07 02:56:54
1372,CAT1372,Advanced Jewelry,2025-08-23 02:06:54
1373,CAT1373,Music,2025-03-02 11:05:54
1374,CAT1374,Office - Vintage,2025-11-07 11:18:54
1375,CAT1375,Basic Pet,2025-05-18 16:44:54
1376,CAT1376,Baby,2025-01-22 21:55:54
1377,CAT1377,Art - Vintage,2025-03-10 11:05:54
1378,CAT1378,Basic Industrial,2025-07-07 01:00:54
1379,CAT1379,Medical,2025-10-02 07:04:54
1380,CAT1380,Electronics - Advanced,2025-06-19 07:17:54
1381,CAT1381,Professional Tools,2025-07-14 08:11:54
1382,CAT1382,Furniture,2025-04-01 06:55:54
1383,CAT1383,Clothing - Vintage,2024-12-18 21:46:54
1384,CAT1384,Compact Sports,2025-07-17 19:26:54
1385,CAT1385,Books,2025-05-23 08:09:54
1386,CAT1386,Toys - Elite,2025-07-05 20:54:54
1387,CAT1387,Professional Food,2025-03-08 11:48:54
1388,CAT1388,Garden,2025-03-13 10:52:54
1389,CAT1389,Automotive - Advanced,2025-01-18 08:33:54
1390,CAT1390,Basic Health,2025-01-18 22:47:54
1391,CAT1391,Beauty,2025-07-09 07:40:54
1392,CAT1392,Jewelry - Modern,2025-06-12 03:34:54
1393,CAT1393,Deluxe Music,2025-01-17 07:28:54
1394,CAT1394,Office,2025-07-08 12:40:54
1395,CAT1395,Pet - Professional,2025-10-29 21:03:54
1396,CAT1396,Modern Baby,2025-07-06 09:07:54
1397,CAT1397,Art,2025-02-25 00:39:54
1398,CAT1398,Industrial - Premium,2025-10-25 07:24:54
1399,CAT1399,Premium Medical,2025-03-30 08:01:54
1400,CAT1400,Electronics,2025-02-21 02:41:54
1401,CAT1401,Tools - Basic,2025-01-05 16:16:54
1402,CAT1402,Modern Furniture,2025-04-16 04:10:54
1403,CAT1403,Clothing,2025-10-14 17:16:54
1404,CAT1404,Sports - Superior,2025-03-11 13:41:54
1405,CAT1405,Vintage Books,2025-04-26 16:58:54
1406,CAT1406,Toys,2025-07-08 15:46:54
1407,CAT1407,Food - Basic,2025-07-16 14:05:54
1408,CAT1408,Basic Garden,2025-03-03 22:33:54
1409,CAT1409,Automotive,2025-05-25 00:48:54
1410,CAT1410,Health - Professional,2025-02-01 12:27:54
1411,CAT1411,Advanced Beauty,2025-05-31 05:29:54
1412,CAT1412,Jewelry,2025-10-11 21:25:54
1413,CAT1413,Music - Basic,2025-10-17 06:38:54
1414,CAT1414,Advanced Office,2025-04-14 12:19:54
1415,CAT1415,Pet,2025-05-01 12:12:54
1416,CAT1416,Baby - Deluxe,2025-07-23 11:09:54
1417,CAT1417,Vintage Art,2025-02-12 21:35:54
1418,CAT1418,Industrial,2025-09-07 13:41:54
1419,CAT1419,Medical - Standard,2025-08-07 01:38:54
1420,CAT1420,Classic Electronics,2025-11-04 12:02:54
1421,CAT1421,Tools,2025-07-06 06:37:54
1422,CAT1422,Furniture - Elite,2025-02-21 00:13:54
1423,CAT1423,Modern Clothing,2025-07-18 03:44:54
1424,CAT1424,Sports,2025-01-12 14:21:54
1425,CAT1425,Books - Elite,2025-08-11 01:32:54
1426,CAT1426,Classic Toys,2024-12-08 02:28:54
1427,CAT1427,Food,2025-01-12 13:52:54
1428,CAT1428,Garden - Compact,2025-10-14 03:27:54
1429,CAT1429,Vintage Automotive,2025-04-03 12:34:54
1430,CAT1430,Health,2025-06-26 07:37:54
1431,CAT1431,Beauty - Vintage,2025-04-21 23:56:54
1432,CAT1432,Compact Jewelry,2025-02-03 23:28:54
1433,CAT1433,Music,2024-11-09 02:21:54
1434,CAT1434,Office - Vintage,2025-06-01 02:00:54
1435,CAT1435,Premium Pet,2025-05-13 21:21:54
1436,CAT1436,Baby,2025-09-19 04:25:54
1437,CAT1437,Art - Superior,2024-12-08 14:34:54
1438,CAT1438,Compact Industrial,2025-07-16 09:48:54
1439,CAT1439,Medical,2025-06-16 10:28:54
1440,CAT1440,Electronics - Advanced,2024-11-18 01:28:54
1441,CAT1441,Modern Tools,2025-10-30 07:57:54
1442,CAT1442,Furniture,2025-10-04 19:08:54
1443,CAT1443,Clothing - Vintage,2025-07-26 01:04:54
1444,CAT1444,Elite Sports,2025-11-05 14:12:54
1445,CAT1445,Books,2025-09-18 22:10:54
1446,CAT1446,Toys - Elite,2025-09-25 00:39:54
1447,CAT1447,Modern Food,2025-08-02 10:32:54
1448,CAT1448,Garden,2025-10-04 09:18:54
1449,CAT1449,Automotive - Modern,2025-09-06 18:36:54
1450,CAT1450,Modern Health,2025-01-18 13:42:54
1451,CAT1451,Beauty,2025-07-21 23:30:54
1452,CAT1452,Jewelry - Deluxe,2025-09-17 09:33:54
1453,CAT1453,Modern Music,2025-10-28 01:17:54
1454,CAT1454,Office,2025-09-12 01:26:54
1455,CAT1455,Pet - Elite,2025-07-11 15:26:54
1456,CAT1456,Basic Baby,2025-09-02 00:33:54
1457,CAT1457,Art,2025-03-04 04:10:54
1458,CAT1458,Industrial - Professional,2025-05-31 20:10:54
1459,CAT1459,Compact Medical,2025-11-02 18:14:54
1460,CAT1460,Electronics,2024-11-21 00:14:54
1461,CAT1461,Tools - Professional,2025-04-30 23:34:54
1462,CAT1462,Professional Furniture,2025-07-04 13:09:54
1463,CAT1463,Clothing,2025-01-18 12:52:54
1464,CAT1464,Sports - Basic,2025-07-18 07:33:54
1465,CAT1465,Advanced Books,2025-09-14 06:57:54
1466,CAT1466,Toys,2025-05-28 04:17:54
1467,CAT1467,Food - Elite,2025-01-01 21:42:54
1468,CAT1468,Advanced Garden,2024-12-27 07:58:54
1469,CAT1469,Automotive,2025-08-15 10:16:54
1470,CAT1470,Health - Professional,2025-07-07 07:37:54
1471,CAT1471,Deluxe Beauty,2025-09-24 19:20:54
1472,CAT1472,Jewelry,2025-08-07 13:33:54
1473,CAT1473,Music - Vintage,2025-06-16 15:07:54
1474,CAT1474,Superior Office,2025-06-08 10:00:54
1475,CAT1475,Pet,2025-04-06 13:17:54
1476,CAT1476,Baby - Classic,2025-08-11 02:33:54
1477,CAT1477,Classic Art,2024-12-26 14:03:54
1478,CAT1478,Industrial,2025-09-15 17:30:54
1479,CAT1479,Medical - Elite,2025-10-25 20:30:54
1480,CAT1480,Premium Electronics,2025-08-28 23:26:54
1481,CAT1481,Tools,2025-04-22 23:27:54
1482,CAT1482,Furniture - Professional,2025-03-26 21:41:54
1483,CAT1483,Standard Clothing,2025-02-04 09:46:54
1484,CAT1484,Sports,2025-07-08 10:51:54
1485,CAT1485,Books - Compact,2025-02-28 15:26:54
1486,CAT1486,Premium Toys,2025-10-10 17:24:54
1487,CAT1487,Food,2025-06-12 13:27:54
1488,CAT1488,Garden - Advanced,2024-11-17 16:26:54
1489,CAT1489,Basic Automotive,2025-03-18 13:51:54
1490,CAT1490,Health,2025-04-03 04:32:54
1491,CAT1491,Beauty - Classic,2025-03-25 17:23:54
1492,CAT1492,Superior Jewelry,2025-04-16 22:29:54
1493,CAT1493,Music,2025-04-08 17:42:54
1494,CAT1494,Office - Standard,2025-07-26 23:17:54
1495,CAT1495,Premium Pet,2025-02-23 00:54:54
1496,CAT1496,Baby,2025-10-18 21:36:54
1497,CAT1497,Art - Premium,2025-02-16 14:06:54
1498,CAT1498,Superior Industrial,2025-06-09 23:32:54
1499,CAT1499,Medical,2025-08-05 00:44:54
1500,CAT1500,Electronics - Elite,2024-12-28 19:10:54
1501,CAT1501,Compact Tools,2025-05-03 08:40:54
1502,CAT1502,Furniture,2025-02-26 23:31:54
1503,CAT1503,Clothing - Advanced,2025-02-03 17:52:54
1504,CAT1504,Deluxe Sports,2025-08-09 01:34:54
1505,CAT1505,Books,2025-11-07 05:43:54
1506,CAT1506,Toys - Professional,2024-11-15 23:32:54
1507,CAT1507,Vintage Food,2024-12-16 02:57:54
1508,CAT1508,Garden,2025-04-02 22:27:54
1509,CAT1509,Automotive - Deluxe,2025-08-28 16:15:54
1510,CAT1510,Advanced Health,2025-06-29 06:49:54
1511,CAT1511,Beauty,2025-08-11 22:55:54
1512,CAT1512,Jewelry - Professional,2025-08-28 02:09:54
1513,CAT1513,Superior Music,2025-07-17 12:05:54
1514,CAT1514,Office,2025-01-19 10:38:54
1515,CAT1515,Pet - Vintage,2025-08-07 12:36:54
1516,CAT1516,Classic Baby,2024-12-10 13:54:54
1517,CAT1517,Art,2025-08-14 18:18:54
1518,CAT1518,Industrial - Elite,2025-06-27 21:27:54
1519,CAT1519,Basic Medical,2025-05-21 15:09:54
1520,CAT1520,Electronics,2025-04-04 12:35:54
1521,CAT1521,Tools - Advanced,2025-03-12 04:27:54
1522,CAT1522,Deluxe Furniture,2025-05-04 19:44:54
1523,CAT1523,Clothing,2025-09-29 03:34:54
1524,CAT1524,Sports - Superior,2025-06-04 13:39:54
1525,CAT1525,Advanced Books,2025-03-16 04:36:54
1526,CAT1526,Toys,2025-10-02 18:16:54
1527,CAT1527,Food - Vintage,2025-09-09 00:45:54
1528,CAT1528,Premium Garden,2025-01-06 16:59:54
1529,CAT1529,Automotive,2025-01-12 22:57:54
1530,CAT1530,Health - Compact,2025-03-02 22:39:54
1531,CAT1531,Modern Beauty,2025-02-10 15:03:54
1532,CAT1532,Jewelry,2025-11-05 00:44:54
1533,CAT1533,Music - Classic,2025-09-04 22:20:54
1534,CAT1534,Elite Office,2025-04-24 05:57:54
1535,CAT1535,Pet,2025-01-16 18:21:54
1536,CAT1536,Baby - Superior,2025-01-12 15:10:54
1537,CAT1537,Premium Art,2025-10-25 18:53:54
1538,CAT1538,Industrial,2025-03-25 22:44:54
1539,CAT1539,Medical - Compact,2025-04-01 06:02:54
1540,CAT1540,Modern Electronics,2025-09-25 17:38:54
1541,CAT1541,Tools,2025-02-01 22:01:54
1542,CAT1542,Furniture - Deluxe,2025-02-01 04:31:54
1543,CAT1543,Vintage Clothing,2025-09-07 04:19:54
1544,CAT1544,Sports,2025-04-06 10:05:54
1545,CAT1545,Books - Deluxe,2025-07-27 04:14:54
1546,CAT1546,Elite Toys,2025-06-19 04:28:54
1547,CAT1547,Food,2024-11-21 07:09:54
1548,CAT1548,Garden - Advanced,2025-10-27 23:10:54
1549,CAT1549,Superior Automotive,2025-06-24 15:46:54
1550,CAT1550,Health,2025-01-15 05:57:54
1551,CAT1551,Beauty - Professional,2025-01-05 17:50:54
1552,CAT1552,Deluxe Jewelry,2025-03-20 04:27:54
1553,CAT1553,Music,2025-09-09 18:03:54
1554,CAT1554,Office - Classic,2025-10-29 14:41:54
1555,CAT1555,Deluxe Pet,2025-08-18 01:00:54
1556,CAT1556,Baby,2025-09-22 10:29:54
1557,CAT1557,Art - Professional,2025-01-10 19:18:54
1558,CAT1558,Standard Industrial,2025-03-06 06:29:54
1559,CAT1559,Medical,2025-07-26 19:47:54
1560,CAT1560,Electronics - Vintage,2025-07-19 07:42:54
1561,CAT1561,Superior Tools,2025-07-22 08:17:54
1562,CAT1562,Furniture,2025-09-07 23:59:54
1563,CAT1563,Clothing - Basic,2025-03-05 12:07:54
1564,CAT1564,Standard Sports,2025-08-14 22:05:54
1565,CAT1565,Books,2025-10-23 09:11:54
1566,CAT1566,Toys - Compact,2025-03-29 08:36:54
1567,CAT1567,Deluxe Food,2025-09-29 21:37:54
1568,CAT1568,Garden,2025-08-24 23:17:54
1569,CAT1569,Automotive - Basic,2025-02-22 04:14:54
1570,CAT1570,Vintage Health,2025-06-13 08:17:54
1571,CAT1571,Beauty,2025-06-15 14:29:54
1572,CAT1572,Jewelry - Classic,2025-04-08 19:57:54
1573,CAT1573,Deluxe Music,2025-01-10 08:39:54
1574,CAT1574,Office,2025-04-10 16:22:54
1575,CAT1575,Pet - Deluxe,2025-10-25 05:47:54
1576,CAT1576,Deluxe Baby,2024-12-22 05:12:54
1577,CAT1577,Art,2025-03-14 13:15:54
1578,CAT1578,Industrial - Superior,2025-01-02 03:06:54
1579,CAT1579,Elite Medical,2025-10-22 05:08:54
1580,CAT1580,Electronics,2025-06-30 22:19:54
1581,CAT1581,Tools - Advanced,2025-08-01 14:56:54
1582,CAT1582,Elite Furniture,2025-04-17 05:13:54
1583,CAT1583,Clothing,2025-10-29 20:49:54
1584,CAT1584,Sports - Standard,2025-04-13 19:16:54
1585,CAT1585,Professional Books,2024-11-22 17:25:54
1586,CAT1586,Toys,2025-11-02 12:26:54
1587,CAT1587,Food - Elite,2024-11-25 07:19:54
1588,CAT1588,Professional Garden,2025-04-21 18:12:54
1589,CAT1589,Automotive,2025-10-29 12:55:54
1590,CAT1590,Health - Standard,2025-06-09 11:06:54
1591,CAT1591,Vintage Beauty,2025-02-03 08:07:54
1592,CAT1592,Jewelry,2025-07-11 08:36:54
1593,CAT1593,Music - Deluxe,2025-08-09 17:15:54
1594,CAT1594,Superior Office,2024-12-12 00:44:54
1595,CAT1595,Pet,2025-05-01 23:52:54
1596,CAT1596,Baby - Compact,2025-06-29 04:38:54
1597,CAT1597,Standard Art,2024-11-18 06:13:54
1598,CAT1598,Industrial,2025-09-01 16:10:54
1599,CAT1599,Medical - Professional,2025-04-27 06:09:54
1600,CAT1600,Advanced Electronics,2025-09-04 23:21:54
1601,CAT1601,Tools,2025-09-08 18:30:54
1602,CAT1602,Furniture - Superior,2025-03-06 01:59:54
1603,CAT1603,Standard Clothing,2024-11-13 20:57:54
1604,CAT1604,Sports,2025-07-11 23:20:54
1605,CAT1605,Books - Modern,2025-10-10 13:49:54
1606,CAT1606,Superior Toys,2025-02-21 15:28:54
1607,CAT1607,Food,2025-05-08 10:40:54
1608,CAT1608,Garden - Vintage,2025-05-26 15:38:54
1609,CAT1609,Advanced Automotive,2025-03-24 07:38:54
1610,CAT1610,Health,2025-02-26 01:01:54
1611,CAT1611,Beauty - Compact,2025-10-03 17:29:54
1612,CAT1612,Classic Jewelry,2025-10-18 00:03:54
1613,CAT1613,Music,2025-09-10 16:02:54
1614,CAT1614,Office - Premium,2025-05-26 14:34:54
1615,CAT1615,Superior Pet,2025-04-24 15:25:54
1616,CAT1616,Baby,2025-09-03 00:54:54
1617,CAT1617,Art - Modern,2025-01-30 12:56:54
1618,CAT1618,Professional Industrial,2025-10-11 20:30:54
1619,CAT1619,Medical,2025-03-24 11:14:54
1620,CAT1620,Electronics - Professional,2025-09-18 20:19:54
1621,CAT1621,Elite Tools,2025-02-10 01:54:54
1622,CAT1622,Furniture,2025-08-03 03:38:54
1623,CAT1623,Clothing - Basic,2025-04-09 19:32:54
1624,CAT1624,Professional Sports,2025-05-14 22:10:54
1625,CAT1625,Books,2024-11-11 09:42:54
1626,CAT1626,Toys - Premium,2025-04-24 01:06:54
1627,CAT1627,Deluxe Food,2025-04-04 07:15:54
1628,CAT1628,Garden,2025-01-17 13:52:54
1629,CAT1629,Automotive - Basic,2025-07-08 00:22:54
1630,CAT1630,Deluxe Health,2025-07-01 05:39:54
1631,CAT1631,Beauty,2025-02-04 05:29:54
1632,CAT1632,Jewelry - Professional,2025-07-24 16:29:54
1633,CAT1633,Premium Music,2025-08-18 22:11:54
1634,CAT1634,Office,2025-04-06 03:18:54
1635,CAT1635,Pet - Professional,2025-08-28 17:34:54
1636,CAT1636,Compact Baby,2025-08-31 15:11:54
1637,CAT1637,Art,2025-01-11 21:07:54
1638,CAT1638,Industrial - Deluxe,2025-07-14 19:03:54
1639,CAT1639,Premium Medical,2025-03-23 06:53:54
1640,CAT1640,Electronics,2025-01-09 19:16:54
1641,CAT1641,Tools - Classic,2025-03-14 02:46:54
1642,CAT1642,Classic Furniture,2025-04-16 22:27:54
1643,CAT1643,Clothing,2024-12-28 10:30:54
1644,CAT1644,Sports - Premium,2024-11-28 00:23:54
1645,CAT1645,Basic Books,2025-04-03 00:50:54
1646,CAT1646,Toys,2024-11-17 17:59:54
1647,CAT1647,Food - Standard,2025-11-05 17:06:54
1648,CAT1648,Premium Garden,2025-10-02 00:06:54
1649,CAT1649,Automotive,2025-06-05 18:58:54
1650,CAT1650,Health - Compact,2025-01-28 03:37:54
1651,CAT1651,Basic Beauty,2025-09-04 15:02:54
1652,CAT1652,Jewelry,2025-08-30 16:48:54
1653,CAT1653,Music - Basic,2025-06-04 15:57:54
1654,CAT1654,Vintage Office,2024-12-31 13:28:54
1655,CAT1655,Pet,2025-10-30 23:54:54
1656,CAT1656,Baby - Vintage,2025-03-06 15:56:54
1657,CAT1657,Elite Art,2025-11-02 07:43:54
1658,CAT1658,Industrial,2025-10-22 23:19:54
1659,CAT1659,Medical - Superior,2025-03-25 00:23:54
1660,CAT1660,Standard Electronics,2025-09-29 22:23:54
1661,CAT1661,Tools,2025-01-15 21:15:54
1662,CAT1662,Furniture - Modern,2025-11-05 03:47:54
1663,CAT1663,Superior Clothing,2025-08-23 01:05:54
1664,CAT1664,Sports,2025-09-15 15:03:54
1665,CAT1665,Books - Premium,2025-03-10 05:50:54
1666,CAT1666,Advanced Toys,2025-02-23 16:40:54
1667,CAT1667,Food,2024-12-10 09:17:54
1668,CAT1668,Garden - Vintage,2025-09-01 19:14:54
1669,CAT1669,Advanced Automotive,2025-10-19 07:48:54
1670,CAT1670,Health,2025-08-02 02:21:54
1671,CAT1671,Beauty - Classic,2024-12-06 11:45:54
1672,CAT1672,Standard Jewelry,2025-09-07 21:29:54
1673,CAT1673,Music,2025-05-27 03:00:54
1674,CAT1674,Office - Vintage,2025-04-09 07:55:54
1675,CAT1675,Modern Pet,2025-04-18 22:02:54
1676,CAT1676,Baby,2025-11-04 18:47:54
1677,CAT1677,Art - Classic,2025-01-05 21:35:54
1678,CAT1678,Professional Industrial,2025-01-17 07:05:54
1679,CAT1679,Medical,2025-05-19 15:46:54
1680,CAT1680,Electronics - Deluxe,2025-10-16 10:55:54
1681,CAT1681,Standard Tools,2025-10-05 19:47:54
1682,CAT1682,Furniture,2025-01-28 02:50:54
1683,CAT1683,Clothing - Elite,2025-10-28 05:36:54
1684,CAT1684,Standard Sports,2024-12-07 17:18:54
1685,CAT1685,Books,2025-08-03 13:03:54
1686,CAT1686,Toys - Professional,2025-06-29 14:21:54
1687,CAT1687,Modern Food,2025-08-27 04:39:54
1688,CAT1688,Garden,2025-06-30 07:12:54
1689,CAT1689,Automotive - Professional,2025-02-18 23:17:54
1690,CAT1690,Modern Health,2025-07-10 05:30:54
1691,CAT1691,Beauty,2025-08-02 12:00:54
1692,CAT1692,Jewelry - Basic,2025-08-23 02:35:54
1693,CAT1693,Elite Music,2025-04-21 23:36:54
1694,CAT1694,Office,2025-06-20 10:34:54
1695,CAT1695,Pet - Premium,2025-03-23 23:26:54
1696,CAT1696,Classic Baby,2025-08-29 00:14:54
1697,CAT1697,Art,2025-01-20 22:23:54
1698,CAT1698,Industrial - Elite,2024-11-23 05:19:54
1699,CAT1699,Standard Medical,2025-08-01 20:11:54
1700,CAT1700,Electronics,2024-11-22 14:58:54
1701,CAT1701,Tools - Compact,2025-04-23 05:25:54
1702,CAT1702,Professional Furniture,2025-01-19 19:17:54
1703,CAT1703,Clothing,2025-10-24 05:18:54
1704,CAT1704,Sports - Modern,2025-06-13 01:17:54
1705,CAT1705,Standard Books,2025-07-27 09:21:54
1706,CAT1706,Toys,2025-07-29 00:12:54
1707,CAT1707,Food - Superior,2025-09-29 10:57:54
1708,CAT1708,Premium Garden,2024-11-27 01:59:54
1709,CAT1709,Automotive,2025-07-25 09:59:54
1710,CAT1710,Health - Modern,2025-11-07 05:12:54
1711,CAT1711,Compact Beauty,2025-03-26 23:06:54
1712,CAT1712,Jewelry,2024-12-17 04:31:54
1713,CAT1713,Music - Classic,2025-03-03 21:32:54
1714,CAT1714,Standard Office,2025-04-11 01:01:54
1715,CAT1715,Pet,2024-12-13 23:13:54
1716,CAT1716,Baby - Compact,2025-07-18 11:07:54
1717,CAT1717,Classic Art,2025-04-13 02:51:54
1718,CAT1718,Industrial,2025-01-06 22:35:54
1719,CAT1719,Medical - Classic,2025-06-01 15:30:54
1720,CAT1720,Standard Electronics,2025-07-29 09:44:54
1721,CAT1721,Tools,2025-05-29 11:02:54
1722,CAT1722,Furniture - Classic,2025-03-10 01:12:54
1723,CAT1723,Compact Clothing,2024-11-08 15:21:54
1724,CAT1724,Sports,2025-06-08 07:28:54
1725,CAT1725,Books - Basic,2025-01-06 19:56:54
1726,CAT1726,Compact Toys,2025-04-09 05:34:54
1727,CAT1727,Food,2024-12-30 10:49:54
1728,CAT1728,Garden - Advanced,2025-07-30 03:17:54
1729,CAT1729,Compact Automotive,2024-12-14 23:05:54
1730,CAT1730,Health,2025-09-04 01:23:54
1731,CAT1731,Beauty - Vintage,2025-01-19 03:54:54
1732,CAT1732,Classic Jewelry,2025-05-20 18:47:54
1733,CAT1733,Music,2024-11-11 07:56:54
1734,CAT1734,Office - Deluxe,2025-05-04 16:13:54
1735,CAT1735,Classic Pet,2024-12-04 00:47:54
1736,CAT1736,Baby,2025-01-20 03:38:54
1737,CAT1737,Art - Vintage,2025-02-19 14:23:54
1738,CAT1738,Standard Industrial,2025-10-22 06:29:54
1739,CAT1739,Medical,2024-12-14 04:39:54
1740,CAT1740,Electronics - Classic,2025-08-26 07:08:54
1741,CAT1741,Superior Tools,2025-04-24 05:29:54
1742,CAT1742,Furniture,2025-04-01 17:20:54
1743,CAT1743,Clothing - Advanced,2024-12-30 15:48:54
1744,CAT1744,Basic Sports,2025-04-15 11:56:54
1745,CAT1745,Books,2025-09-07 17:53:54
1746,CAT1746,Toys - Elite,2025-03-24 19:27:54
1747,CAT1747,Superior Food,2025-08-04 03:45:54
1748,CAT1748,Garden,2025-05-12 16:39:54
1749,CAT1749,Automotive - Modern,2025-07-30 06:09:54
1750,CAT1750,Basic Health,2025-04-05 08:58:54
1751,CAT1751,Beauty,2024-11-19 04:21:54
1752,CAT1752,Jewelry - Modern,2025-09-18 09:26:54
1753,CAT1753,Standard Music,2025-04-14 11:05:54
1754,CAT1754,Office,2025-08-25 19:36:54
1755,CAT1755,Pet - Basic,2024-11-17 06:50:54
1756,CAT1756,Elite Baby,2025-07-11 15:08:54
1757,CAT1757,Art,2024-12-12 09:12:54
1758,CAT1758,Industrial - Superior,2025-05-17 13:08:54
1759,CAT1759,Premium Medical,2025-08-23 10:22:54
1760,CAT1760,Electronics,2025-03-26 11:59:54
1761,CAT1761,Tools - Deluxe,2025-09-17 09:45:54
1762,CAT1762,Advanced Furniture,2025-10-05 08:22:54
1763,CAT1763,Clothing,2025-02-14 22:31:54
1764,CAT1764,Sports - Advanced,2025-10-04 02:41:54
1765,CAT1765,Advanced Books,2025-10-16 07:48:54
1766,CAT1766,Toys,2025-05-11 06:43:54
1767,CAT1767,Food - Modern,2025-10-25 14:35:54
1768,CAT1768,Superior Garden,2025-08-09 08:33:54
1769,CAT1769,Automotive,2025-03-22 21:17:54
1770,CAT1770,Health - Premium,2025-06-01 11:43:54
1771,CAT1771,Deluxe Beauty,2024-12-18 12:37:54
1772,CAT1772,Jewelry,2025-03-05 23:02:54
1773,CAT1773,Music - Premium,2025-06-29 01:54:54
1774,CAT1774,Standard Office,2025-04-14 15:57:54
1775,CAT1775,Pet,2024-12-03 14:09:54
1776,CAT1776,Baby - Elite,2025-07-18 14:54:54
1777,CAT1777,Classic Art,2025-07-08 09:47:54
1778,CAT1778,Industrial,2024-11-15 09:07:54
1779,CAT1779,Medical - Standard,2024-11-14 12:25:54
1780,CAT1780,Standard Electronics,2025-04-06 19:24:54
1781,CAT1781,Tools,2024-12-02 18:06:54
1782,CAT1782,Furniture - Standard,2025-09-05 20:11:54
1783,CAT1783,Elite Clothing,2025-02-18 15:17:54
1784,CAT1784,Sports,2025-05-08 04:57:54
1785,CAT1785,Books - Superior,2025-04-06 19:18:54
1786,CAT1786,Classic Toys,2025-07-05 05:40:54
1787,CAT1787,Food,2025-06-11 10:51:54
1788,CAT1788,Garden - Basic,2025-04-23 20:24:54
1789,CAT1789,Deluxe Automotive,2025-01-11 23:28:54
1790,CAT1790,Health,2025-09-10 10:26:54
1791,CAT1791,Beauty - Vintage,2025-04-08 07:36:54
1792,CAT1792,Modern Jewelry,2024-12-28 21:26:54
1793,CAT1793,Music,2025-03-20 22:14:54
1794,CAT1794,Office - Compact,2025-08-30 19:47:54
1795,CAT1795,Advanced Pet,2025-06-29 02:56:54
1796,CAT1796,Baby,2025-04-15 17:40:54
1797,CAT1797,Art - Vintage,2025-06-09 17:58:54
1798,CAT1798,Elite Industrial,2025-08-21 07:20:54
1799,CAT1799,Medical,2025-10-13 12:10:54
1800,CAT1800,Electronics - Premium,2025-05-22 06:18:54
1801,CAT1801,Professional Tools,2025-06-21 22:59:54
1802,CAT1802,Furniture,2025-06-25 03:39:54
1803,CAT1803,Clothing - Elite,2025-04-15 20:38:54
1804,CAT1804,Superior Sports,2025-06-30 07:42:54
1805,CAT1805,Books,2024-11-12 22:03:54
1806,CAT1806,Toys - Superior,2025-09-04 21:07:54
1807,CAT1807,Vintage Food,2025-08-05 14:38:54
1808,CAT1808,Garden,2025-01-28 18:22:54
1809,CAT1809,Automotive - Advanced,2025-01-28 17:53:54
1810,CAT1810,Deluxe Health,2025-11-05 18:51:54
1811,CAT1811,Beauty,2025-02-19 18:53:54
1812,CAT1812,Jewelry - Premium,2024-12-21 13:54:54
1813,CAT1813,Compact Music,2025-04-22 21:32:54
1814,CAT1814,Office,2025-06-07 20:32:54
1815,CAT1815,Pet - Professional,2025-05-03 13:52:54
1816,CAT1816,Deluxe Baby,2025-07-08 08:28:54
1817,CAT1817,Art,2025-09-21 02:35:54
1818,CAT1818,Industrial - Modern,2025-01-23 00:59:54
1819,CAT1819,Elite Medical,2025-01-29 03:38:54
1820,CAT1820,Electronics,2025-10-05 22:25:54
1821,CAT1821,Tools - Professional,2025-06-04 20:05:54
1822,CAT1822,Advanced Furniture,2025-02-06 01:26:54
1823,CAT1823,Clothing,2025-07-02 04:12:54
1824,CAT1824,Sports - Vintage,2025-06-06 00:30:54
1825,CAT1825,Advanced Books,2025-06-10 10:54:54
1826,CAT1826,Toys,2025-02-03 19:51:54
1827,CAT1827,Food - Elite,2025-10-28 21:17:54
1828,CAT1828,Premium Garden,2025-03-13 14:06:54
1829,CAT1829,Automotive,2025-05-13 06:15:54
1830,CAT1830,Health - Classic,2025-08-14 09:59:54
1831,CAT1831,Advanced Beauty,2025-03-16 07:02:54
1832,CAT1832,Jewelry,2024-12-05 21:34:54
1833,CAT1833,Music - Superior,2025-04-13 18:21:54
1834,CAT1834,Classic Office,2025-10-03 21:17:54
1835,CAT1835,Pet,2025-04-05 15:24:54
1836,CAT1836,Baby - Elite,2024-11-11 21:06:54
1837,CAT1837,Modern Art,2025-06-04 18:06:54
1838,CAT1838,Industrial,2025-09-26 12:40:54
1839,CAT1839,Medical - Vintage,2025-07-20 17:52:54
1840,CAT1840,Classic Electronics,2025-03-27 18:39:54
1841,CAT1841,Tools,2024-12-16 23:50:54
1842,CAT1842,Furniture - Superior,2024-12-21 10:32:54
1843,CAT1843,Superior Clothing,2025-06-20 13:06:54
1844,CAT1844,Sports,2025-02-18 02:42:54
1845,CAT1845,Books - Elite,2024-12-16 22:41:54
1846,CAT1846,Superior Toys,2025-06-03 21:01:54
1847,CAT1847,Food,2025-02-11 19:50:54
1848,CAT1848,Garden - Standard,2025-07-09 07:04:54
1849,CAT1849,Superior Automotive,2025-02-03 14:23:54
1850,CAT1850,Health,2024-12-12 04:14:54
1851,CAT1851,Beauty - Compact,2025-04-04 00:51:54
1852,CAT1852,Elite Jewelry,2025-03-01 01:14:54
1853,CAT1853,Music,2025-09-18 08:26:54
1854,CAT1854,Office - Superior,2025-02-15 09:34:54
1855,CAT1855,Standard Pet,2025-09-18 12:49:54
1856,CAT1856,Baby,2025-05-02 21:26:54
1857,CAT1857,Art - Superior,2024-12-22 12:49:54
1858,CAT1858,Classic Industrial,2025-08-11 16:44:54
1859,CAT1859,Medical,2025-05-09 16:54:54
1860,CAT1860,Electronics - Standard,2025-03-14 05:41:54
1861,CAT1861,Classic Tools,2025-08-06 06:17:54
1862,CAT1862,Furniture,2025-05-28 19:24:54
1863,CAT1863,Clothing - Deluxe,2025-10-14 17:36:54
1864,CAT1864,Deluxe Sports,2025-03-31 11:14:54
1865,CAT1865,Books,2025-05-08 20:23:54
1866,CAT1866,Toys - Modern,2025-03-03 17:32:54
1867,CAT1867,Premium Food,2025-07-22 20:11:54
1868,CAT1868,Garden,2024-11-18 10:20:54
1869,CAT1869,Automotive - Classic,2024-12-03 22:03:54
1870,CAT1870,Modern Health,2024-11-07 02:12:54
1871,CAT1871,Beauty,2025-06-24 16:37:54
1872,CAT1872,Jewelry - Advanced,2025-08-12 22:44:54
1873,CAT1873,Standard Music,2025-06-27 12:31:54
1874,CAT1874,Office,2024-12-20 22:08:54
1875,CAT1875,Pet - Basic,2025-02-01 08:12:54
1876,CAT1876,Compact Baby,2025-08-14 09:20:54
1877,CAT1877,Art,2025-10-15 11:26:54
1878,CAT1878,Industrial - Advanced,2025-10-07 15:45:54
1879,CAT1879,Standard Medical,2025-10-17 15:42:54
1880,CAT1880,Electronics,2025-04-20 17:18:54
1881,CAT1881,Tools - Deluxe,2025-07-06 13:46:54
1882,CAT1882,Superior Furniture,2024-12-21 18:50:54
1883,CAT1883,Clothing,2025-05-14 19:20:54
1884,CAT1884,Sports - Vintage,2025-01-02 22:46:54
1885,CAT1885,Premium Books,2025-03-23 11:30:54
1886,CAT1886,Toys,2024-12-24 06:35:54
1887,CAT1887,Food - Deluxe,2025-04-08 22:46:54
1888,CAT1888,Premium Garden,2025-02-04 22:30:54
1889,CAT1889,Automotive,2025-09-12 12:00:54
1890,CAT1890,Health - Advanced,2024-12-18 04:02:54
1891,CAT1891,Standard Beauty,2025-02-03 01:11:54
1892,CAT1892,Jewelry,2025-09-16 00:00:54
1893,CAT1893,Music - Compact,2025-08-01 12:49:54
1894,CAT1894,Modern Office,2024-12-07 10:54:54
1895,CAT1895,Pet,2025-09-30 04:10:54
1896,CAT1896,Baby - Standard,2025-05-07 21:57:54
1897,CAT1897,Superior Art,2025-03-10 08:35:54
1898,CAT1898,Industrial,2025-08-03 06:16:54
1899,CAT1899,Medical - Modern,2025-09-09 22:48:54
1900,CAT1900,Premium Electronics,2025-10-22 07:00:54
1901,CAT1901,Tools,2025-05-02 04:31:54
1902,CAT1902,Furniture - Elite,2024-12-17 05:51:54
1903,CAT1903,Basic Clothing,2025-10-03 00:28:54
1904,CAT1904,Sports,2025-04-22 02:11:54
1905,CAT1905,Books - Premium,2025-02-09 19:38:54
1906,CAT1906,Advanced Toys,2025-01-31 02:38:54
1907,CAT1907,Food,2025-10-29 23:21:54
1908,CAT1908,Garden - Elite,2024-12-15 12:35:54
1909,CAT1909,Professional Automotive,2025-07-26 23:45:54
1910,CAT1910,Health,2025-08-09 08:29:54
1911,CAT1911,Beauty - Basic,2024-12-28 08:15:54
1912,CAT1912,Professional Jewelry,2025-01-21 08:25:54
1913,CAT1913,Music,2025-03-21 09:14:54
1914,CAT1914,Office - Vintage,2025-06-02 17:55:54
1915,CAT1915,Compact Pet,2024-11-14 09:44:54
1916,CAT1916,Baby,2025-02-27 15:54:54
1917,CAT1917,Art - Elite,2025-01-23 00:07:54
1918,CAT1918,Professional Industrial,2025-08-07 17:16:54
1919,CAT1919,Medical,2025-02-04 10:30:54
1920,CAT1920,Electronics - Modern,2025-03-12 20:26:54
1921,CAT1921,Elite Tools,2025-03-14 02:29:54
1922,CAT1922,Furniture,2025-08-12 16:44:54
1923,CAT1923,Clothing - Basic,2025-04-06 19:08:54
1924,CAT1924,Compact Sports,2024-11-10 08:20:54
1925,CAT1925,Books,2024-12-24 15:04:54
1926,CAT1926,Toys - Elite,2025-10-09 07:50:54
1927,CAT1927,Vintage Food,2024-12-27 16:50:54
1928,CAT1928,Garden,2024-11-25 10:55:54
1929,CAT1929,Automotive - Vintage,2025-03-28 16:42:54
1930,CAT1930,Superior Health,2025-07-09 14:40:54
1931,CAT1931,Beauty,2025-07-16 23:26:54
1932,CAT1932,Jewelry - Deluxe,2025-04-06 21:49:54
1933,CAT1933,Professional Music,2025-03-14 17:30:54
1934,CAT1934,Office,2025-04-17 14:57:54
1935,CAT1935,Pet - Modern,2025-01-18 07:48:54
1936,CAT1936,Premium Baby,2024-12-21 18:41:54
1937,CAT1937,Art,2025-03-28 09:56:54
1938,CAT1938,Industrial - Standard,2025-01-14 22:53:54
1939,CAT1939,Superior Medical,2025-09-06 22:35:54
1940,CAT1940,Electronics,2025-09-17 05:13:54
1941,CAT1941,Tools - Professional,2025-06-22 02:58:54
1942,CAT1942,Basic Furniture,2025-01-23 13:15:54
1943,CAT1943,Clothing,2025-03-25 11:14:54
1944,CAT1944,Sports - Basic,2025-01-09 00:00:54
1945,CAT1945,Deluxe Books,2025-01-22 18:03:54
1946,CAT1946,Toys,2025-10-12 15:47:54
1947,CAT1947,Food - Premium,2025-08-05 23:58:54
1948,CAT1948,Advanced Garden,2025-09-03 01:57:54
1949,CAT1949,Automotive,2025-07-04 14:11:54
1950,CAT1950,Health - Deluxe,2025-04-23 00:41:54
1951,CAT1951,Modern Beauty,2025-09-29 06:10:54
1952,CAT1952,Jewelry,2025-06-24 21:27:54
1953,CAT1953,Music - Premium,2025-03-29 06:17:54
1954,CAT1954,Basic Office,2025-08-23 19:08:54
1955,CAT1955,Pet,2025-02-05 07:03:54
1956,CAT1956,Baby - Professional,2025-05-31 11:15:54
1957,CAT1957,Professional Art,2025-04-02 23:47:54
1958,CAT1958,Industrial,2025-09-05 05:20:54
1959,CAT1959,Medical - Vintage,2024-12-06 17:41:54
1960,CAT1960,Premium Electronics,2025-06-29 02:10:54
1961,CAT1961,Tools,2025-10-26 13:53:54
1962,CAT1962,Furniture - Standard,2024-12-29 13:35:54
1963,CAT1963,Premium Clothing,2025-06-20 02:53:54
1964,CAT1964,Sports,2025-01-07 14:25:54
1965,CAT1965,Books - Compact,2025-03-15 04:08:54
1966,CAT1966,Advanced Toys,2024-11-09 22:21:54
1967,CAT1967,Food,2025-07-02 15:05:54
1968,CAT1968,Garden - Elite,2024-12-07 15:04:54
1969,CAT1969,Modern Automotive,2025-06-28 22:21:54
1970,CAT1970,Health,2025-08-01 10:31:54
1971,CAT1971,Beauty - Vintage,2025-05-12 13:57:54
1972,CAT1972,Advanced Jewelry,2025-03-07 05:41:54
1973,CAT1973,Music,2025-08-22 14:10:54
1974,CAT1974,Office - Advanced,2025-10-21 09:04:54
1975,CAT1975,Classic Pet,2024-12-28 22:35:54
1976,CAT1976,Baby,2025-10-04 02:25:54
1977,CAT1977,Art - Deluxe,2025-06-25 10:13:54
1978,CAT1978,Superior Industrial,2025-10-24 06:40:54
1979,CAT1979,Medical,2025-04-29 06:05:54
1980,CAT1980,Electronics - Modern,2024-12-09 16:18:54
1981,CAT1981,Classic Tools,2024-12-13 17:21:54
1982,CAT1982,Furniture,2025-07-16 11:36:54
1983,CAT1983,Clothing - Deluxe,2024-12-02 01:19:54
1984,CAT1984,Deluxe Sports,2025-04-11 01:54:54
1985,CAT1985,Books,2025-10-29 02:08:54
1986,CAT1986,Toys - Elite,2025-04-15 21:09:54
1987,CAT1987,Professional Food,2025-05-07 08:43:54
1988,CAT1988,Garden,2025-09-06 05:49:54
1989,CAT1989,Automotive - Advanced,2025-06-14 19:32:54
1990,CAT1990,Modern Health,2025-03-22 13:03:54
1991,CAT1991,Beauty,2024-12-23 01:38:54
1992,CAT1992,Jewelry - Compact,2025-09-18 13:11:54
1993,CAT1993,Advanced Music,2025-06-11 19:05:54
1994,CAT1994,Office,2025-05-08 14:54:54
1995,CAT1995,Pet - Classic,2025-02-11 04:54:54
1996,CAT1996,Premium Baby,2025-08-02 16:03:54
1997,CAT1997,Art,2025-06-16 17:34:54
1998,CAT1998,Industrial - Modern,2025-02-11 20:06:54
1999,CAT1999,Vintage Medical,2025-04-10 19:18:54
2000,CAT2000,Electronics,2025-10-13 16:54:54
